Column1,name,dist,year,jewish_pop,total_pop,name_heb,dist_heb
1485,Mikołajów,Żydaczów,1931,559,2000000,מיקולאיוב,ז'ידאצ'וב
577,Kraków,Napt Krakow,1960,123,477000,קראקוב,נפת קראקוב
576,Kraków,Napt Krakow,1946,123,299000,קראקוב,נפת קראקוב
575,Kraków,Napt Krakow,1939,123,259000,קראקוב,נפת קראקוב
574,Kraków,Napt Krakow,1931,55515,215963,קראקוב,נפת קראקוב
573,Kraków,Napt Krakow,1921,45229,183706,קראקוב,נפת קראקוב
572,Kraków,Napt Krakow,1910,32321,151686,קראקוב,נפת קראקוב
785,Chorzów,Katowice,1931,2811,101977,חוז'וב,נפת קאטוביצה
571,Kraków,Napt Krakow,1900,25670,91323,קראקוב,נפת קראקוב
570,Kraków,Napt Krakow,1890,20939,74593,קראקוב,נפת קראקוב
784,Chorzów,Katowice,1910,901,72641,חוז'וב,נפת קאטוביצה
1582,Stanisławów,Stanisławów,1931,24823,72350,סטאניסלאבוב,נפת סטאניסלאבוב
569,Kraków,Napt Krakow,1880,20269,66095,קראקוב,נפת קראקוב
783,Chorzów,Katowice,1900,925,57919,חוז'וב,נפת קאטוביצה
448,Kalisz,,1931,15300,55300,קאליש,נפת קאליש
398,Piotrków Trybunalski,Piotrków,1931,11400,51294,פיוטרקוב טריבונאלסקי,פיעטריקאוו
447,Kalisz,,1921,15566,44613,קאליש,נפת קאליש
1045,Borysław,Drohobych district,1931,11996,41496,בוריסלאב,נפת דרוהוביץ'
397,Piotrków Trybunalski,Piotrków,1921,11630,40992,פיוטרקוב טריבונאלסקי,פיעטריקאוו
399,Piotrków Trybunalski,Piotrków,1939,10240,40992,פיוטרקוב טריבונאלסקי,פיעטריקאוו
446,Kalisz,,1908,14318,39518,קאליש,נפת קאליש
231,Tomaszów Mazowiecki,Powiat Tomaszów Mazowiecki,1931,11310,38088,טומאשוב מאזובייצקי,נפת טומאשוב מאזובייצקי
372,Pabianice,Lask,1931,8357,37000,פאביאניצה,לאסק
797,Tarnów,,1910,15108,36731,טארנוּב,נפת טארנוב
782,Chorzów,Katowice,1890,830,36502,חוז'וב,נפת קאטוביצה
1619,Stryj,Stryi,1921,10980,35942,סטריא,נפת סטרי
1318,Tarnopol,Tarnopol,1931,13999,35644,טארנופול,נפת טארנופול
798,Tarnów,,1921,15608,35347,טארנוּב,נפת טארנוב
1176,Drohobycz,Drohobycz,1910,15313,34665,דרוהוביץ,דרוהוביץ
1316,Tarnopol,Tarnopol,1910,13997,33871,טארנופול,נפת טארנופול
1580,Stanisławów,Stanisławów,1910,15253,33280,סטאניסלאבוב,נפת סטאניסלאבוב
793,Tarnów,,1846,1914,31691,טארנוּב,נפת טארנוב
796,Tarnów,,1900,12586,31691,טארנוּב,נפת טארנוב
568,Kraków,Napt Krakow,1824,9690,31501,קראקוב,נפת קראקוב
1044,Borysław,Drohobych district,1921,10149,31166,בוריסלאב,נפת דרוהוביץ'
1618,Stryj,Stryi,1910,10718,30942,סטריא,נפת סטרי
1317,Tarnopol,Tarnopol,1921,13768,30891,טארנופול,נפת טארנופול
1315,Tarnopol,Tarnopol,1900,13493,30415,טארנופול,נפת טארנופול
1579,Stanisławów,Stanisławów,1900,14106,30410,סטאניסלאבוב,נפת סטאניסלאבוב
371,Pabianice,Lask,1921,7230,29666,פאביאניצה,לאסק
396,Piotrków Trybunalski,Piotrków,1897,9370,28793,פיוטרקוב טריבונאלסקי,פיעטריקאוו
230,Tomaszów Mazowiecki,Powiat Tomaszów Mazowiecki,1921,10070,28285,טומאשוב מאזובייצקי,נפת טומאשוב מאזובייצקי
1581,Stanisławów,Stanisławów,1921,15860,28204,סטאניסלאבוב,נפת סטאניסלאבוב
792,Tarnów,,1820,1640,27574,טארנוּב,נפת טארנוב
795,Tarnów,,1890,11677,27574,טארנוּב,נפת טארנוב
781,Chorzów,Katowice,1880,1020,27522,חוז'וב,נפת קאטוביצה
1314,Tarnopol,Tarnopol,1890,13842,27405,טארנופול,נפת טארנופול
780,Rzeszów,,1931,11228,26902,ז'שוב,ריישא
370,Pabianice,Lask,1897,5017,26764,פאביאניצה,לאסק
1177,Drohobycz,Drohobycz,1921,11833,26736,דרוהוביץ,דרוהוביץ
1313,Tarnopol,Tarnopol,1880,13468,25819,טארנופול,נפת טארנופול
779,Rzeszów,,1921,11361,24942,ז'שוב,ריישא
791,Tarnów,,1765,1080,24627,טארנוּב,נפת טארנוב
794,Tarnów,,1880,11349,24627,טארנוּב,נפת טארנוב
848,Jarosław,Jarosław,1910,6154,23965,יָארוֹסְלַאב,יארוסלאב
778,Rzeszów,,1910,8785,23688,ז'שוב,ריישא
445,Kalisz,,1897,7580,23674,קאליש,נפת קאליש
470,Kutno,,1931,6440,23368,קוטנו,נפת קוטנו
1617,Stryj,Stryi,1900,8647,23205,סטריא,נפת סטרי
647,Biała,Powiat Biała,1931,2903,22702,ביאלה,נפת ביאלה
921,Mysłowice,Katowice,1931,463,22696,מיסלובויצה,נפת קאטוביצה
847,Jarosław,Jarosław,1900,5705,22660,יָארוֹסְלַאב,יארוסלאב
208,Zduńska Wola,Sieradz,1931,8814,22425,זדונסקה וולה,נפת שייראדז
1578,Stanisławów,Stanisławów,1890,12144,22391,סטאניסלאבוב,נפת סטאניסלאבוב
653,Bielsko,Powiat Bielsko,1931,4430,22332,ביילסקו,נפת ביילסקו
850,Jarosław,Jarosław,1931,6272,22195,יָארוֹסְלַאב,יארוסלאב
1531,Sambor,Sambor,1910,5418,20257,סאמבור,סאמבור
1104,Brody,,1880,15316,20071,ברודי,נפת ברודי
356,Skierniewice,Skierniewice,1931,4371,20064,סקיירנייוויצה,נפת סקיירנייוויצה
357,Skierniewice,Skierniewice,1939,4300,20064,סקיירנייוויצה,נפת סקיירנייוויצה
229,Tomaszów Mazowiecki,Powiat Tomaszów Mazowiecki,1897,9320,20023,טומאשוב מאזובייצקי,נפת טומאשוב מאזובייצקי
849,Jarosław,Jarosław,1921,6577,19973,יָארוֹסְלַאב,יארוסלאב
652,Bielsko,Powiat Bielsko,1921,3928,19785,ביילסקו,נפת ביילסקו
1175,Drohobycz,Drohobycz,1900,8603,19430,דרוהוביץ,דרוהוביץ
1532,Sambor,Sambor,1921,6068,19417,סאמבור,סאמבור
228,Tomaszów Mazowiecki,Powiat Tomaszów Mazowiecki,1890,7760,19024,טומאשוב מאזובייצקי,נפת טומאשוב מאזובייצקי
207,Zduńska Wola,Sieradz,1921,7885,18923,זדונסקה וולה,נפת שייראדז
523,Radomsko,,1921,7774,18732,ראדומסקו,נובו ראדומסקו
1102,Brody,,1820,16392,18627,ברודי,נפת ברודי
1577,Stanisławów,Stanisławów,1880,10028,18626,סטאניסלאבוב,נפת סטאניסלאבוב
1103,Brody,,1830,16000,18604,ברודי,נפת ברודי
1173,Drohobycz,Drohobycz,1880,9181,18225,דרוהוביץ,דרוהוביץ
846,Jarosław,Jarosław,1890,4820,18065,יָארוֹסְלַאב,יארוסלאב
1107,Brody,,1910,12188,18055,ברודי,נפת ברודי
1174,Drohobycz,Drohobycz,1890,8708,17916,דרוהוביץ,דרוהוביץ
920,Mysłowice,Katowice,1913,489,17838,מיסלובויצה,נפת קאטוביצה
651,Bielsko,Powiat Bielsko,1910,3010,17811,ביילסקו,נפת ביילסקו
274,Łowicz,Powiat Łowicz,1931,4339,17633,לוביץ',נפת לוביץ'
1105,Brody,,1890,12751,17515,ברודי,נפת ברודי
1106,Brody,,1900,11912,17361,ברודי,נפת ברודי
1530,Sambor,Sambor,1900,4900,17039,סאמבור,סאמבור
1576,Stanisławów,Stanisławów,1869,8000,17000,סטאניסלאבוב,נפת סטאניסלאבוב
1616,Stryj,Stryi,1890,6572,16515,סטריא,נפת סטרי
1101,Brody,,1799,14105,16401,ברודי,נפת ברודי
650,Bielsko,Powiat Bielsko,1900,2439,16266,ביילסקו,נפת ביילסקו
469,Kutno,,1921,6784,15976,קוטנו,נפת קוטנו
834,Jaworzno,Hшаnuв,1921,1346,15933,יָאבוֹזְ'נוֹ,נפת חשאנוב
273,Łowicz,Powiat Łowicz,1921,4517,15807,לוביץ',נפת לוביץ'
206,Zduńska Wola,Sieradz,1897,7252,15746,זדונסקה וולה,נפת שייראדז
883,Leżajsk,Łańcut,1900,1494,15330,ליז'נסק,נפת לאנצוט
355,Skierniewice,Skierniewice,1921,4333,15255,סקיירנייוויצה,נפת סקיירנייוויצה
777,Rzeszów,,1900,6374,15010,ז'שוב,ריישא
649,Bielsko,Powiat Bielsko,1890,1977,14573,ביילסקו,נפת ביילסקו
1529,Sambor,Sambor,1890,4080,14324,סאמבור,סאמבור
1032,Buczacz,Powiat Buczacz,1910,7777,14286,בוצ'אץ,נפת בוצ'אץ
918,Mysłowice,Katowice,1887,900,14000,מיסלובויצה,נפת קאטוביצה
478,Kolo,,1931,6000,13800,קולו,נפת קולו
1100,Brody,,1783,11137,13609,ברודי,נפת ברודי
1528,Sambor,Sambor,1880,4427,13586,סאמבור,סאמבור
809,Tarnowskie Góry,Tarnowskie Góry,1913,350,13582,טַארְנוֹבְסקֶיה גוּרִי,נפת טאדנובסקיה גודי
919,Mysłowice,Katowice,1905,528,13385,מיסלובויצה,נפת קאטוביצה
833,Jaworzno,Hшаnuв,1910,1325,13115,יָאבוֹזְ'נוֹ,נפת חשאנוב
486,Konin,,1939,3000,13000,קונין,נפת קונין
1139,Gródek Jagielloński,Gródek Jagielloński,1910,3866,12973,גרוּדֶק יאגיילונסקי,נפת גרודק יאגיילונסקי
1178,Drohobycz,Drohobycz,1931,12931,12931,דרוהוביץ,דרוהוביץ
1043,Borysław,Drohobych district,1910,5753,12767,בוריסלאב,נפת דרוהוביץ'
808,Tarnowskie Góry,Tarnowskie Góry,1907,355,12721,טַארְנוֹבְסקֶיה גוּרִי,נפת טאדנובסקיה גודי
1074,Brzeżany,Nפת Brzeżany,1910,4582,12717,בז'ז'אני,נפת בז'ז'אני
1615,Stryj,Stryi,1880,5245,12625,סטריא,נפת סטרי
13,Ozorków,Łęczyca,1921,4949,12589,אוזורקוב,נפת לנצ'יצה
1282,Złoczów,Złoczów,1910,5243,12234,זלוצ'וב,נפת זלוצ'וב
443,Kalisz,,1827,3463,12107,קאליש,נפת קאליש
444,Kalisz,,1857,4352,12066,קאליש,נפת קאליש
776,Rzeszów,,1890,5492,11953,ז'שוב,ריישא
891,Majdan,Kolbuszowa District,1880,568,11856,מַאיְדַאן,נפת קולבושובה
1138,Gródek Jagielloński,Gródek Jagielloński,1900,3610,11845,גרוּדֶק יאגיילונסקי,נפת גרודק יאגיילונסקי
1281,Złoczów,Złoczów,1900,5401,11842,זלוצ'וב,נפת זלוצ'וב
522,Radomsko,,1897,5054,11767,ראדומסקו,נובו ראדומסקו
1031,Buczacz,Powiat Buczacz,1900,6730,11756,בוצ'אץ,נפת בוצ'אץ
1575,Stanisławów,Stanisławów,1857,6920,11682,סטאניסלאבוב,נפת סטאניסלאבוב
272,Łowicz,Powiat Łowicz,1908,4011,11614,לוביץ',נפת לוביץ'
1194,Horodenka,,1900,4255,11613,הורודנקה,נפת הורודנקה
1559,Sokal,,1910,4516,11609,סוקאל,נפת סוקאל
12,Ozorków,Łęczyca,1897,5837,11531,אוזורקוב,נפת לנצ'יצה
789,Chrzanów,Chrzanów,1910,6593,11528,חְטָאנוּב,נפת חשאנוב
477,Kolo,,1921,5159,11450,קולו,נפת קולו
1073,Brzeżany,Nפת Brzeżany,1900,4395,11443,בז'ז'אני,נפת בז'ז'אני
845,Jarosław,Jarosław,1880,4474,11422,יָארוֹסְלַאב,יארוסלאב
790,Chrzanów,Chrzanów,1921,6328,11392,חְטָאנוּב,נפת חשאנוב
807,Tarnowskie Góry,Tarnowskie Góry,1897,506,11281,טַארְנוֹבְסקֶיה גוּרִי,נפת טאדנובסקיה גודי
1195,Horodenka,,1910,4210,11223,הורודנקה,נפת הורודנקה
1072,Brzeżany,Nפת Brzeżany,1890,4695,11221,בז'ז'אני,נפת בז'ז'אני
775,Rzeszów,,1880,5820,11166,ז'שוב,ריישא
1193,Horodenka,,1890,4340,11162,הורודנקה,נפת הורודנקה
1283,Złoczów,Złoczów,1921,5744,11130,זלוצ'וב,נפת זלוצ'וב
1030,Buczacz,Powiat Buczacz,1890,6976,11096,בוצ'אץ,נפת בוצ'אץ
185,Wieluń,Wieluń,1921,4818,11032,ויילון,נפת ויילון
617,Bochnia,Bochnia,1921,2459,11014,בּוֹחְנִיָה,נפת בוחניה
616,Bochnia,Bochnia,1910,2091,10918,בּוֹחְנִיָה,נפת בוחניה
1333,Turka,Turka,1910,4887,10911,טורקה,נפת טורקה
1071,Brzeżany,Nפת Brzeżany,1880,4712,10899,בז'ז'אני,נפת בז'ז'אני
1574,Stanisławów,Stanisławów,1847,5958,10866,סטאניסלאבוב,נפת סטאניסלאבוב
1108,Brody,,1921,7202,10860,ברודי,נפת ברודי
1137,Gródek Jagielloński,Gródek Jagielloński,1890,3148,10742,גרוּדֶק יאגיילונסקי,נפת גרודק יאגיילונסקי
1042,Borysław,Drohobych district,1900,5950,10690,בוריסלאב,נפת דרוהוביץ'
1643,Brzeziny,,1921,4979,10633,בז'ז'יני,נפת בז'ז'יני
1140,Gródek Jagielloński,Gródek Jagielloński,1921,2545,10491,גרוּדֶק יאגיילונסקי,נפת גרודק יאגיילונסקי
1041,Borysław,Drohobych district,1890,7752,10424,בוריסלאב,נפת דרוהוביץ'
842,Jasło,,1921,2445,10391,יָאסְלוֹ,נפת יאסלו
468,Kutno,,1897,5169,10356,קוטנו,נפת קוטנו
297,Łęczyca,Powiat Łęczyca,1921,4051,10267,לנצ'יצה,נפת לנצ'יצה
271,Łowicz,Powiat Łowicz,1897,3552,10225,לוביץ',נפת לוביץ'
1364,Jaworów,Jaworów,1910,2643,10211,יאבורוב,נפת יאבורוב
1560,Sokal,,1921,4660,10183,סוקאל,נפת סוקאל
788,Chrzanów,Chrzanów,1900,5504,10170,חְטָאנוּב,נפת חשאנוב
841,Jasło,,1910,2262,10116,יָאסְלוֹ,נפת יאסלו
1136,Gródek Jagielloński,Gródek Jagielloński,1880,2952,10116,גרוּדֶק יאגיילונסקי,נפת גרודק יאגיילונסקי
1280,Złoczów,Złoczów,1890,5086,10113,זלוצ'וב,נפת זלוצ'וב
1363,Jaworów,Jaworów,1900,2846,10092,יאבורוב,נפת יאבורוב
1075,Brzeżany,Nפת Brzeżany,1921,3582,10083,בז'ז'אני,נפת בז'ז'אני
615,Bochnia,Bochnia,1900,1926,10071,בּוֹחְנִיָה,נפת בוחניה
485,Konin,,1921,2902,10045,קונין,נפת קונין
1334,Turka,Turka,1921,4201,10030,טורקה,נפת טורקה
843,Jasło,,1931,1512,10023,יָאסְלוֹ,נפת יאסלו
1192,Horodenka,,1880,3661,10014,הורודנקה,נפת הורודנקה
1245,Zbaraż,Nפת זבאראז',1910,3291,9983,זבאראז',נפת זבאראז'
1029,Buczacz,Powiat Buczacz,1880,6281,9970,בוצ'אץ,נפת בוצ'אץ
395,Piotrków Trybunalski,Piotrków,1857,4166,9954,פיוטרקוב טריבונאלסקי,פיעטריקאוו
243,Turek,Powiat Turek,1921,2678,9948,טורֶק,נפת טורק
1340,Tyśmienica,,1910,2305,9929,טישמייניצה,נפת טלומאץ'
1196,Horodenka,,1921,3048,9907,הורודנקה,נפת הורודנקה
1157,Dolina,,1910,2555,9852,דולינה,נפת דולינה
1376,Jagielnica,Chortkov,1935,1066,9783,יאגיילניצה,נפת צ'ורטקוב
1558,Sokal,,1900,3788,9609,סוקאל,נפת סוקאל
1261,Żółkiew,Zolkiew district,1910,3845,9463,ז'ולקייב,נפת ז'ולקייב
476,Kolo,,1897,4013,9359,קולו,נפת קולו
1040,Borysław,Drohobych district,1880,7363,9318,בוריסלאב,נפת דרוהוביץ'
1070,Brzeżany,Nפת Brzeżany,1870,4021,9290,בז'ז'אני,נפת בז'ז'אני
553,Sieradz,,1921,2835,9284,שייראדז,נפת שייראדז
930,Nowy Targ,Nowy Targ,1910,1370,9225,נובי טארג,נפת נובי טארג
1362,Jaworów,Jaworów,1890,2483,9219,יאבורוב,נפת יאבורוב
832,Jaworzno,Hшаnuв,1900,955,9181,יָאבוֹזְ'נוֹ,נפת חשאנוב
1172,Drohobycz,Drohobycz,1869,8055,9181,דרוהוביץ,דרוהוביץ
1156,Dolina,,1900,2654,9110,דולינה,נפת דולינה
1357,Trembowla,,1910,2088,9075,טרמבובלה,נפת טרמבובלה
1361,Jaworów,Jaworów,1880,2307,9072,יאבורוב,נפת יאבורוב
1260,Żółkiew,Zolkiew district,1900,4008,8966,ז'ולקייב,נפת ז'ולקייב
1028,Buczacz,Powiat Buczacz,1870,6077,8959,בוצ'אץ,נפת בוצ'אץ
1069,Brzeżany,Nפת Brzeżany,1875,3347,8939,בז'ז'אני,נפת בז'ז'אני
1365,Jaworów,Jaworów,1921,2405,8910,יאבורוב,נפת יאבורוב
614,Bochnia,Bochnia,1890,2133,8849,בּוֹחְנִיָה,נפת בוחניה
1191,Horodenka,,1870,3159,8824,הורודנקה,נפת הורודנקה
756,Zakopane,Nowy Targ,1921,533,8808,זאקופאנֶה,נובי טארג
1243,Zbaraż,Nפת זבאראז',1890,3631,8785,זבאראז',נפת זבאראז'
1158,Dolina,,1921,2014,8760,דולינה,נפת דולינה
645,Biała,Powiat Biała,1910,1274,8658,ביאלה,נפת ביאלה
806,Tarnowskie Góry,Tarnowskie Góry,1890,627,8618,טַארְנוֹבְסקֶיה גוּרִי,נפת טאדנובסקיה גודי
1360,Jaworów,Jaworów,1857,1873,8585,יאבורוב,נפת יאבורוב
613,Bochnia,Bochnia,1880,1666,8561,בּוֹחְנִיָה,נפת בוחניה
1246,Zbaraż,Nפת זבאראז',1921,2982,8409,זבאראז',נפת זבאראז'
296,Łęczyca,Powiat Łęczyca,1897,3444,8379,לנצ'יצה,נפת לנצ'יצה
1279,Złoczów,Złoczów,1880,4046,8347,זלוצ'וב,נפת זלוצ'וב
1155,Dolina,,1890,2593,8344,דולינה,נפת דולינה
1244,Zbaraż,Nפת זבאראז',1900,2896,8310,זבאראז',נפת זבאראז'
495,Końskie,,1921,5031,8291,קינצק,נפת קונסקיה
1356,Trembowla,,1900,2098,8283,טרמבובלה,נפת טרמבובלה
644,Biała,Powiat Biała,1900,1088,8257,ביאלה,נפת ביאלה
54,Aleksandrów,,1921,2635,8236,אלכסנדרוב,נפת לודז'
1218,Żabie,Kosów,1921,673,8188,ז'אביה,נפת קוסוב
242,Turek,Powiat Turek,1897,2072,8111,טורֶק,נפת טורק
354,Skierniewice,Skierniewice,1897,2898,8092,סקיירנייוויצה,נפת סקיירנייוויצה
1497,Nadwórna,Nafta Nadwórna,1910,3772,8080,נאדבורנה,נפת נאדבורנה
931,Nowy Targ,Nowy Targ,1921,1342,8071,נובי טארג,נפת נובי טארג
1242,Zbaraż,Nפת זבאראז',1880,3768,8062,זבאראז',נפת זבאראז'
1557,Sokal,,1898,3272,8007,סוקאל,נפת סוקאל
205,Zduńska Wola,Sieradz,1865,2532,7979,זדונסקה וולה,נפת שייראדז
1339,Tyśmienica,,1900,2049,7918,טישמייניצה,נפת טלומאץ'
1262,Żółkiew,Zolkiew district,1921,3718,7867,ז'ולקייב,נפת ז'ולקייב
1168,Delatyn,Nadvirna,1910,2997,7852,דלאטין,נפת נאדבורנה
484,Konin,,1897,2482,7823,קונין,נפת קונין
646,Biała,Powiat Biała,1921,1343,7746,ביאלה,נפת ביאלה
787,Chrzanów,Chrzanów,1890,3519,7713,חְטָאנוּב,נפת חשאנוב
1338,Tyśmienica,,1890,2492,7654,טישמייניצה,נפת טלומאץ'
1642,Brzeziny,,1897,3917,7647,בז'ז'יני,נפת בז'ז'יני
643,Biała,Powiat Biała,1890,1088,7622,ביאלה,נפת ביאלה
755,Zakopane,Nowy Targ,1910,361,7600,זאקופאנֶה,נובי טארג
1154,Dolina,,1880,2450,7596,דולינה,נפת דולינה
1342,Tyśmienica,,1931,1185,7527,טישמייניצה,נפת טלומאץ'
1496,Nadwórna,Nafta Nadwórna,1900,3644,7525,נאדבורנה,נפת נאדבורנה
1033,Buczacz,Powiat Buczacz,1921,3858,7517,בוצ'אץ,נפת בוצ'אץ
1022,Busk,Kamionka,1910,2545,7502,ביסק,קאמיונקה
537,Rawa Mazowiecka,,1921,3018,7499,ראווה מאזובייצקה,נפת ראווה מאזובייצקה
724,Wadowice,Wadowice,1910,1322,7471,וַאדוֹבִיצֶה,נפת ואדוביצה
1355,Trembowla,,1890,2033,7335,טרמבובלה,נפת טרמבובלה
1230,Założce,Zborów,1900,2397,7315,זאלוז'צה,נפת זבורוב
1231,Założce,Zborów,1910,1977,7275,זאלוז'צה,נפת זבורוב
642,Biała,Powiat Biała,1880,754,7251,ביאלה,נפת ביאלה
738,Wieliczka,Kraków,1921,1135,7235,וֶיילִיצְקָה,נפת קראקוב
1495,Nadwórna,Nafta Nadwórna,1890,3618,7227,נאדבורנה,נפת נאדבורנה
29,Opoczno,Opoczno,1921,3376,7224,אופוצ'נו,נפת אופוצ'נו
184,Wieluń,Wieluń,1897,2732,7198,ויילון,נפת ויילון
1259,Żółkiew,Zolkiew district,1890,3783,7143,ז'ולקייב,נפת ז'ולקייב
215,Żychlin,Powiat Kutno,1921,2701,7098,ז'יחלין,נפת קוטנו
737,Wieliczka,Kraków,1910,1140,7092,וֶיילִיצְקָה,נפת קראקוב
1341,Tyśmienica,,1921,1090,7027,טישמייניצה,נפת טלומאץ'
786,Chrzanów,Chrzanów,1880,4410,7023,חְטָאנוּב,נפת חשאנוב
1358,Trembowla,,1921,1486,7015,טרמבובלה,נפת טרמבובלה
1024,Busk,Kamionka,1931,1600,7010,ביסק,קאמיונקה
1337,Tyśmienica,,1880,2529,6953,טישמייניצה,נפת טלומאץ'
1229,Założce,Zborów,1890,2412,6928,זאלוז'צה,נפת זבורוב
725,Wadowice,Wadowice,1921,1437,6862,וַאדוֹבִיצֶה,נפת ואדוביצה
552,Sieradz,,1897,2357,6826,שייראדז,נפת שייראדז
1217,Żabie,Kosów,1890,654,6816,ז'אביה,נפת קוסוב
1258,Żółkiew,Zolkiew district,1880,3757,6794,ז'ולקייב,נפת ז'ולקייב
1556,Sokal,,1880,2408,6725,סוקאל,נפת סוקאל
442,Kalisz,,1808,2535,6712,קאליש,נפת קאליש
268,Łowicz,Powiat Łowicz,1837,676,6693,לוביץ',נפת לוביץ'
1021,Busk,Kamionka,1900,2340,6671,ביסק,קאמיונקה
1153,Dolina,,1870,1980,6638,דולינה,נפת דולינה
831,Jaworzno,Hшаnuв,1890,684,6637,יָאבוֹזְ'נוֹ,נפת חשאנוב
668,Gorlice,Gorlice,1910,3495,6600,גורליצה,גורליצה
11,Ozorków,Łęczyca,1857,3262,6577,אוזורקוב,נפת לנצ'יצה
840,Jasło,,1900,1524,6571,יָאסְלוֹ,נפת יאסלו
1494,Nadwórna,Nafta Nadwórna,1880,4182,6552,נאדבורנה,נפת נאדבורנה
929,Nowy Targ,Nowy Targ,1900,900,6546,נובי טארג,נפת נובי טארג
494,Końskie,,1857,4320,6521,קינצק,נפת קונסקיה
1300,Chorostków,Kopychyntsi,1921,1955,6499,חורוסטקוב,נפת קופיצ'ינצה
1299,Chorostków,Kopychyntsi,1900,1871,6498,חורוסטקוב,נפת קופיצ'ינצה
1417,Lubaczów,Lubaczów,1910,2171,6440,לובאצ'וב,נפת לובאצ'וב
1354,Trembowla,,1880,1749,6432,טרמבובלה,נפת טרמבובלה
667,Gorlice,Gorlice,1900,3279,6431,גורליצה,גורליצה
204,Zduńska Wola,Sieradz,1857,1676,6347,זדונסקה וולה,נפת שייראדז
1020,Busk,Kamionka,1890,2310,6347,ביסק,קאמיונקה
723,Wadowice,Wadowice,1900,975,6328,וַאדוֹבִיצֶה,נפת ואדוביצה
596,Andrychów,Wadowice,1939,370,6299,אַנְדְרִיחוב,נפת ואדוביצה
736,Wieliczka,Kraków,1900,981,6293,וֶיילִיצְקָה,נפת קראקוב
104,Bełchatów,Piotrków Trybunalski,1921,3688,6249,בלחאטוב,נפת פיוטרקוב טריבונאלסקי
1627,Skała,Borshchiv Raion,1890,3228,6163,סקאלה,נפת בורשצ'וב
1626,Skała,Borshchiv Raion,1880,3449,6154,סקאלה,נפת בורשצ'וב
1023,Busk,Kamionka,1921,1533,6148,ביסק,קאמיונקה
909,Mielec,,1910,3280,6135,מיילץ,נפת מיילץ
1228,Założce,Zborów,1880,2226,6100,זאלוז'צה,נפת זבורוב
1332,Turka,Turka,1900,2882,6080,טורקה,נפת טורקה
28,Opoczno,Opoczno,1897,2425,6076,אופוצ'נו,נפת אופוצ'נו
1498,Nadwórna,Nafta Nadwórna,1921,2042,6062,נאדבורנה,נפת נאדבורנה
1200,Husiatyn,Nafat Kopychyntsi,1890,4197,6060,הושיאטין,נפת קופיצ'ינצה
735,Wieliczka,Kraków,1890,813,6037,וֶיילִיצְקָה,נפת קראקוב
1413,Jezierna,Tarnopol,1931,700,6026,ייז'יירנה,מחוז טארנופול
1167,Delatyn,Nadvirna,1900,2397,6018,דלאטין,נפת נאדבורנה
1096,Belz,Sokal,1910,3625,6017,בלז,נפת סוקאל
53,Aleksandrów,,1897,1673,5992,אלכסנדרוב,נפת לודז'
734,Wieliczka,Kraków,1800,614,5973,וֶיילִיצְקָה,נפת קראקוב
1169,Delatyn,Nadvirna,1921,1576,5973,דלאטין,נפת נאדבורנה
1349,Tłumacz,,1931,2134,5946,טלומאץ',נפת טלומאץ'
431,Przedbórz,Koneckie,1897,4089,5927,פשדבוז',נפת קונסקיה
1237,Zaleszczyki,Zaleszczyki,1900,3780,5916,"זאלשצ	'יקי","זאלשצ	'יקי"
270,Łowicz,Powiat Łowicz,1862,2061,5885,לוביץ',נפת לוביץ'
432,Przedbórz,Koneckie,1921,3749,5885,פשדבוז',נפת קונסקיה
1416,Lubaczów,Lubaczów,1900,1911,5880,לובאצ'וב,נפת לובאצ'וב
928,Nowy Targ,Nowy Targ,1890,773,5878,נובי טארג,נפת נובי טארג
467,Kutno,,1857,3859,5868,קוטנו,נפת קוטנו
1411,Jezierna,Tarnopol,1900,1095,5843,ייז'יירנה,מחוז טארנופול
1019,Busk,Kamionka,1880,2035,5800,ביסק,קאמיונקה
1202,Husiatyn,Nafat Kopychyntsi,1910,3288,5799,הושיאטין,נפת קופיצ'ינצה
1348,Tłumacz,,1921,2012,5788,טלומאץ',נפת טלומאץ'
1236,Zaleszczyki,Zaleszczyki,1890,4513,5751,"זאלשצ	'יקי","זאלשצ	'יקי"
1201,Husiatyn,Nafat Kopychyntsi,1900,3648,5736,הושיאטין,נפת קופיצ'ינצה
490,Konstantynów,,1921,942,5728,קונסטאנטינוב,קאנסטאנטין
1347,Tłumacz,,1910,2082,5719,טלומאץ',נפת טלומאץ'
317,Sulejów,Silew,1921,2133,5718,סולייוב,סילעוו
536,Rawa Mazowiecka,,1897,2774,5675,ראווה מאזובייצקה,נפת ראווה מאזובייצקה
1252,Zborów,,1910,2265,5656,זבורוב,נפת זבורוב
1628,Skała,Borshchiv Raion,1900,2494,5638,סקאלה,נפת בורשצ'וב
987,Bóbrka,Bóbrka district,1910,2502,5628,בוברקה,נפת בוברקה
1298,Chorostków,Kopychyntsi,1880,2130,5623,חורוסטקוב,נפת קופיצ'ינצה
669,Gorlice,Gorlice,1921,2300,5600,גורליצה,גורליצה
910,Mielec,,1921,2807,5599,מיילץ,נפת מיילץ
1235,Zaleszczyki,Zaleszczyki,1880,4424,5588,"זאלשצ	'יקי","זאלשצ	'יקי"
489,Konstantynów,,1897,1091,5582,קונסטאנטינוב,קאנסטאנטין
1412,Jezierna,Tarnopol,1921,813,5578,ייז'יירנה,מחוז טארנופול
344,Słupca,Konin,1921,1426,5534,סלופצה,נפת קונין
805,Tarnowskie Góry,Tarnowskie Góry,1861,350,5534,טַארְנוֹבְסקֶיה גוּרִי,נפת טאדנובסקיה גודי
14,Ozorków,Łęczyca,1939,5000,5500,אוזורקוב,נפת לנצ'יצה
1613,Stryj,Stryi,1842,2066,5474,סטריא,נפת סטרי
269,Łowicz,Powiat Łowicz,1857,1161,5465,לוביץ',נפת לוביץ'
1346,Tłumacz,,1900,2077,5446,טלומאץ',נפת טלומאץ'
1238,Zaleszczyki,Zaleszczyki,1910,3382,5438,"זאלשצ	'יקי","זאלשצ	'יקי"
993,Budzanów,Buzanów,1900,1696,5436,בודזאנוב,ביזינעוו
1572,Stanisławów,Stanisławów,1792,2237,5432,סטאניסלאבוב,נפת סטאניסלאבוב
1467,Mosty Wielkie,Zhovkva,1910,1605,5396,מוֹסטי ויילקיה,נפת ז'ולקייב
873,Łańcut,Napt Lancut,1910,1880,5378,לַאנְצוּט,נפת לנצוט
722,Wadowice,Wadowice,1890,722,5374,וַאדוֹבִיצֶה,נפת ואדוביצה
992,Budzanów,Buzanów,1890,1764,5363,בודזאנוב,ביזינעוו
218,Zelow,,1921,1816,5362,זלוב,לאסק
692,Dąbrowa Tarnowska,,1845,993,5348,דוֹמְבְּרוֹבָה טַארְנוֹבְסְקָה,דומברובה
1132,Gliniany,Przemyślany,1910,2418,5344,גליניאני,פשמישלאני
1331,Turka,Turka,1890,2623,5330,טורקה,נפת טורקה
768,Żywiec,"Napt Żywiec, Mchuz Kraków",1921,2,5320,ז'יווייץ,"נפת ז'יווייץ, מחוז קראקוב"
986,Bóbrka,Bóbrka district,1900,2500,5315,בוברקה,נפת בוברקה
10,Ozorków,Łęczyca,1827,1034,5308,אוזורקוב,נפת לנצ'יצה
1418,Lubaczów,Lubaczów,1921,1715,5303,לובאצ'וב,נפת לובאצ'וב
754,Zakopane,Nowy Targ,1900,198,5298,זאקופאנֶה,נובי טארג
934,Obertyn,Horodenka,1900,2070,5298,אוֹברטין,נפת הורודנקה
884,Leżajsk,Łańcut,1910,1705,5296,ליז'נסק,נפת לאנצוט
551,Sieradz,,1857,1782,5256,שייראדז,נפת שייראדז
1199,Husiatyn,Nafat Kopychyntsi,1880,3782,5214,הושיאטין,נפת קופיצ'ינצה
1166,Delatyn,Nadvirna,1890,2096,5195,דלאטין,נפת נאדבורנה
666,Gorlice,Gorlice,1890,2884,5193,גורליצה,גורליצה
994,Budzanów,Buzanów,1910,1543,5183,בודזאנוב,ביזינעוו
227,Tomaszów Mazowiecki,Powiat Tomaszów Mazowiecki,1857,1879,5163,טומאשוב מאזובייצקי,נפת טומאשוב מאזובייצקי
295,Łęczyca,Powiat Łęczyca,1857,2286,5159,לנצ'יצה,נפת לנצ'יצה
483,Konin,,1857,2006,5147,קונין,נפת קונין
830,Jaworzno,Hшаnuв,1880,406,5131,יָאבוֹזְ'נוֹ,נפת חשאנוב
991,Budzanów,Buzanów,1880,1840,5124,בודזאנוב,ביזינעוו
663,Błażowa,Rzeszów,1921,930,5123,בְּלַאז'וֹבָה,ז'שוב
927,Nowy Targ,Nowy Targ,1880,464,5087,נובי טארג,נפת נובי טארג
1095,Belz,Sokal,1900,2872,5075,בלז,נפת סוקאל
885,Leżajsk,Łańcut,1921,4575,5063,ליז'נסק,נפת לאנצוט
662,Błażowa,Rzeszów,1910,933,5040,בְּלַאז'וֹבָה,ז'שוב
1061,Borszczów,,1921,1637,5011,בורשצ'וב,נפת בורשצ'וב
665,Gorlice,Gorlice,1880,2257,5000,גורליצה,גורליצה
882,Leżajsk,Łańcut,1890,1745,4992,ליז'נסק,נפת לאנצוט
721,Wadowice,Wadowice,1880,404,4990,וַאדוֹבִיצֶה,נפת ואדוביצה
1184,Halicz,Stanislavov,1910,1232,4987,האליץ',נפת סטאניסלאבוב
906,Mielec,,1880,2766,4981,מיילץ,נפת מיילץ
27,Opoczno,Opoczno,1878,2412,4975,אופוצ'נו,נפת אופוצ'נו
1094,Belz,Sokal,1890,2823,4960,בלז,נפת סוקאל
881,Leżajsk,Łańcut,1880,1868,4945,ליז'נסק,נפת לאנצוט
945,Ottynia,Tlumach,1900,2081,4940,אוטיניה,נפת טלומאץ'
985,Bóbrka,Bóbrka district,1890,2395,4939,בוברקה,נפת בוברקה
1641,Brzeziny,,1857,2370,4933,בז'ז'יני,נפת בז'ז'יני
1595,Stary Sambor,,1910,1827,4931,סטארי סאמבור,נפת סאמבור
933,Obertyn,Horodenka,1880,1949,4924,אוֹברטין,נפת הורודנקה
908,Mielec,,1900,2819,4909,מיילץ,נפת מיילץ
1131,Gliniany,Przemyślany,1900,2177,4909,גליניאני,פשמישלאני
224,Złoczew,Sieradz District,1921,1959,4904,זלוצ'ב,נפת שייראדז
1053,Bursztyn,Rohatyn,1910,2245,4896,בורשטין,נפת רוהאטין
767,Żywiec,"Napt Żywiec, Mchuz Kraków",1900,0,4892,ז'יווייץ,"נפת ז'יווייץ, מחוז קראקוב"
264,Lask,Lask,1921,2623,4890,לאסק,נפת לאסק
1519,Niżniów,Tłumacz,1900,409,4887,ניז'ניוב,נפת טלומאץ'
979,Barysz,Buchach District,1910,196,4876,באריש,נפת בוצ'אץ'
719,Dębica,Powiat Ropczyce,1910,2119,4871,דֶמְבִּיצָה,נפת רופצ'יצה
872,Łańcut,Napt Lancut,1900,1940,4850,לַאנְצוּט,נפת לנצוט
1183,Halicz,Stanislavov,1900,1568,4850,האליץ',נפת סטאניסלאבוב
661,Błażowa,Rzeszów,1900,631,4848,בְּלַאז'וֹבָה,ז'שוב
214,Żychlin,Powiat Kutno,1897,2268,4840,ז'יחלין,נפת קוטנו
1256,Żółkiew,Zolkiew district,1772,2027,4839,ז'ולקייב,נפת ז'ולקייב
1251,Zborów,,1900,2084,4829,זבורוב,נפת זבורוב
1415,Lubaczów,Lubaczów,1890,1721,4814,לובאצ'וב,נפת לובאצ'וב
1551,Sądowa Wisznia,,1910,1164,4790,סונדובה וישניה,נפת מושצ'יסקה
999,Bohorodczany,Stanislavov District,1890,2505,4781,בוהורודצ'אני,נפת סטאניסלאבוב
394,Piotrków Trybunalski,Piotrków,1827,2133,4779,פיוטרקוב טריבונאלסקי,פיעטריקאוו
1473,Mościska,Mościska,1910,2574,4778,מושצ'יסקה,מושצ'יסקה
241,Turek,Powiat Turek,1857,653,4773,טורֶק,נפת טורק
1232,Założce,Zborów,1921,524,4773,זאלוז'צה,נפת זבורוב
1060,Borszczów,,1910,1263,4765,בורשצ'וב,נפת בורשצ'וב
660,Błażowa,Rzeszów,1890,942,4760,בְּלַאז'וֹבָה,ז'שוב
1223,Zablotów,Snyatyn,1910,2171,4758,זאבלוטוב,נפת שניאטין
1474,Mościska,Mościska,1921,2328,4751,מושצ'יסקה,מושצ'יסקה
194,Wieruszów,,1921,1903,4749,ויירושוב,נפת ויילון
980,Barysz,Buchach District,1921,229,4747,באריש,נפת בוצ'אץ'
1001,Bohorodczany,Stanislavov District,1910,1930,4738,בוהורודצ'אני,נפת סטאניסלאבוב
1550,Sądowa Wisznia,,1900,1328,4735,סונדובה וישניה,נפת מושצ'יסקה
1345,Tłumacz,,1890,2014,4713,טלומאץ',נפת טלומאץ'
1410,Jezierna,Tarnopol,1880,955,4713,ייז'יירנה,מחוז טארנופול
907,Mielec,,1890,2596,4712,מיילץ,נפת מיילץ
1000,Bohorodczany,Stanislavov District,1900,2219,4706,בוהורודצ'אני,נפת סטאניסלאבוב
585,Ustroń,Bielsko,1900,110,4688,אוסְטְרוֹן,נפת ביילסקו
1472,Mościska,Mościska,1900,2548,4676,מושצ'יסקה,מושצ'יסקה
1475,Mościska,Mościska,1931,2330,4676,מושצ'יסקה,מושצ'יסקה
938,Uhnow,Rawaruska,1890,2120,4675,אוהנוב,נפת ראווה רוסקה
935,Obertyn,Horodenka,1921,1131,4671,אוֹברטין,נפת הורודנקה
1520,Niżniów,Tłumacz,1921,451,4654,ניז'ניוב,נפת טלומאץ'
316,Sulejów,Silew,1897,1881,4636,סולייוב,סילעוו
1330,Turka,Turka,1880,2368,4634,טורקה,נפת טורקה
1016,Bołszowce,Rohatyn,1910,2438,4629,בולשובצה,רוהאטין
1459,Monasterzyska,,1900,2460,4624,מונאסטז'יסקה,נפת בוצ'אץ'
466,Kutno,,1827,2859,4620,קוטנו,נפת קוטנו
411,Pyzdry,,1921,406,4614,פייזער,נפת קונין
1130,Gliniany,Przemyślany,1890,2088,4614,גליניאני,פשמישלאני
475,Kolo,,1857,2318,4610,קולו,נפת קולו
1059,Borszczów,,1900,1341,4590,בורשצ'וב,נפת בורשצ'וב
703,Dukla,Krosno,1910,2805,4588,דוּקְלָה,קרוסנו
1443,Lesko,Lesko,1910,2805,4588,לסקו,נפת לסקו
535,Rawa Mazowiecka,,1857,1547,4567,ראווה מאזובייצקה,נפת ראווה מאזובייצקה
1594,Stary Sambor,,1900,1741,4560,סטארי סאמבור,נפת סאמבור
995,Budzanów,Buzanów,1921,1156,4548,בודזאנוב,ביזינעוו
839,Jasło,,1890,934,4527,יָאסְלוֹ,נפת יאסלו
874,Łańcut,Napt Lancut,1921,1925,4518,לַאנְצוּט,נפת לנצוט
1165,Delatyn,Nadvirna,1880,1577,4495,דלאטין,נפת נאדבורנה
939,Uhnow,Rawaruska,1900,2140,4487,אוהנוב,נפת ראווה רוסקה
871,Łańcut,Napt Lancut,1890,1669,4486,לַאנְצוּט,נפת לנצוט
426,Praszka,Wieluń,1921,1663,4478,פראשקה,נפת ויילון
1121,Grzymałów,Skalat,1890,2977,4472,גז'ימאלוב,נפת סקאלאט
1466,Mosty Wielkie,Zhovkva,1900,1611,4454,מוֹסטי ויילקיה,נפת ז'ולקייב
659,Błażowa,Rzeszów,1880,893,4449,בְּלַאז'וֹבָה,ז'שוב
946,Ottynia,Tlumach,1921,1728,4445,אוטיניה,נפת טלומאץ'
1034,Buczacz,Powiat Buczacz,1931,4439,4439,בוצ'אץ,נפת בוצ'אץ
627,Brzozów,Brzozów,1910,1255,4438,בְּז'וזוב,בז'וזוב
1052,Bursztyn,Rohatyn,1900,2005,4438,בורשטין,נפת רוהאטין
1414,Lubaczów,Lubaczów,1880,1503,4425,לובאצ'וב,נפת לובאצ'וב
998,Bohorodczany,Stanislavov District,1880,2202,4423,בוהורודצ'אני,נפת סטאניסלאבוב
1327,Toporów,Radziechów,1900,1400,4421,טופורוב,ראדז'ייחוב
978,Barysz,Buchach District,1900,240,4420,באריש,נפת בוצ'אץ'
1465,Mosty Wielkie,Zhovkva,1890,1426,4414,מוֹסטי ויילקיה,נפת ז'ולקייב
1442,Lesko,Lesko,1900,2701,4409,לסקו,נפת לסקו
584,Ustroń,Bielsko,1890,98,4405,אוסְטְרוֹן,נפת ביילסקו
1458,Monasterzyska,,1890,2450,4400,מונאסטז'יסקה,נפת בוצ'אץ'
988,Bóbrka,Bóbrka district,1921,1480,4391,בוברקה,נפת בוברקה
193,Wieruszów,,1897,1587,4374,ויירושוב,נפת ויילון
369,Pabianice,Lask,1857,751,4365,פאביאניצה,לאסק
594,Andrychów,Wadowice,1910,501,4361,אַנְדְרִיחוב,נפת ואדוביצה
1133,Gliniany,Przemyślany,1921,1679,4355,גליניאני,פשמישלאני
566,Szczerców,,1921,1513,4350,שצ'רצוב,נפת לאסק
984,Bóbrka,Bóbrka district,1880,2007,4348,בוברקה,נפת בוברקה
1549,Sądowa Wisznia,,1890,1309,4334,סונדובה וישניה,נפת מושצ'יסקה
1058,Borszczów,,1890,1808,4331,בורשצ'וב,נפת בורשצ'וב
1120,Grzymałów,Skalat,1880,2931,4329,גז'ימאלוב,נפת סקאלאט
1290,Chodorów,Bobrka,1910,1867,4329,חודורוב,נפת בוברקה
1471,Mościska,Mościska,1890,2230,4314,מושצ'יסקה,מושצ'יסקה
1596,Stary Sambor,,1921,1534,4314,סטארי סאמבור,נפת סאמבור
1129,Gliniany,Przemyślany,1880,1926,4300,גליניאני,פשמישלאני
766,Żywiec,"Napt Żywiec, Mchuz Kraków",1880,9,4296,ז'יווייץ,"נפת ז'יווייץ, מחוז קראקוב"
937,Uhnow,Rawaruska,1880,1842,4277,אוהנוב,נפת ראווה רוסקה
586,Ustroń,Bielsko,1910,107,4275,אוסְטְרוֹן,נפת ביילסקו
430,Przedbórz,Koneckie,1857,3154,4268,פשדבוז',נפת קונסקיה
626,Brzozów,Brzozów,1900,1143,4264,בְּז'וזוב,בז'וזוב
629,Brzozów,Brzozów,1931,1046,4248,בְּז'וזוב,בז'וזוב
940,Uhnow,Rawaruska,1910,2154,4239,אוהנוב,נפת ראווה רוסקה
1008,Bolechów,,1890,3323,4237,בולחוב,נפת דולינה
1222,Zablotów,Snyatyn,1900,2092,4232,זאבלוטוב,נפת שניאטין
263,Lask,Lask,1897,2862,4229,לאסק,נפת לאסק
1051,Bursztyn,Rohatyn,1890,2179,4209,בורשטין,נפת רוהאטין
1552,Sądowa Wisznia,,1921,1039,4207,סונדובה וישניה,נפת מושצ'יסקה
1291,Chodorów,Bobrka,1921,1230,4206,חודורוב,נפת בוברקה
1007,Bolechów,,1880,3101,4181,בולחוב,נפת דולינה
1470,Mościska,Mościska,1880,2123,4181,מושצ'יסקה,מושצ'יסקה
595,Andrychów,Wadowice,1921,409,4171,אַנְדְרִיחוב,נפת ואדוביצה
1122,Grzymałów,Skalat,1900,2700,4170,גז'ימאלוב,נפת סקאלאט
1240,Zaleszczyki,Zaleszczyki,1931,2400,4170,"זאלשצ	'יקי","זאלשצ	'יקי"
628,Brzozów,Brzozów,1921,1127,4160,בְּז'וזוב,בז'וזוב
1296,Cholojów,Kalievo,1921,793,4151,חולויוב,כאליעוו
1457,Monasterzyska,,1880,2274,4151,מונאסטז'יסקה,נפת בוצ'אץ'
1097,Belz,Sokal,1921,2104,4148,בלז,נפת סוקאל
1460,Monasterzyska,,1910,2041,4132,מונאסטז'יסקה,נפת בוצ'אץ'
338,Stryków,Łódź,1921,1998,4127,סטריקוב,נפת לודז'
1093,Belz,Sokal,1880,2135,4126,בלז,נפת סוקאל
170,Warta,,1921,2025,4108,וארטה,נפת שייראדז
51,Aleksandrów,,1827,686,4072,אלכסנדרוב,נפת לודז'
1250,Zborów,,1890,1873,4069,זבורוב,נפת זבורוב
691,Dąbrowa Tarnowska,,1830,978,4060,דוֹמְבְּרוֹבָה טַארְנוֹבְסְקָה,דומברובה
625,Brzozów,Brzozów,1890,907,4056,בְּז'וזוב,בז'וזוב
592,Andrychów,Wadowice,1890,654,4054,אַנְדְרִיחוב,נפת ואדוביצה
1221,Zablotów,Snyatyn,1890,2009,4054,זאבלוטוב,נפת שניאטין
1344,Tłumacz,,1880,1756,4054,טלומאץ',נפת טלומאץ'
955,Olesko,Złoczów,1910,832,4052,אולסקו,נפת זלוצ'וב
593,Andrychów,Wadowice,1900,621,4047,אַנְדְרִיחוב,נפת ואדוביצה
1441,Lesko,Lesko,1890,2425,4020,לסקו,נפת לסקו
1629,Skała,Borshchiv Raion,1921,1555,4017,סקאלה,נפת בורשצ'וב
1239,Zaleszczyki,Zaleszczyki,1921,2485,4014,"זאלשצ	'יקי","זאלשצ	'יקי"
226,Tomaszów Mazowiecki,Powiat Tomaszów Mazowiecki,1830,0,4000,טומאשוב מאזובייצקי,נפת טומאשוב מאזובייצקי
1006,Bolechów,,1870,2900,4000,בולחוב,נפת דולינה
1276,Żydaczów,Żydaczów,1931,903,4000,ז'ידאצ'וב,נפת ז'ידאצ'וב
587,Ustroń,Bielsko,1921,125,3998,אוסְטְרוֹן,נפת ביילסקו
96,Blaszki,Kalisz,1897,2320,3995,בלאשקי,נפת קאליש
294,Łęczyca,Powiat Łęczyca,1827,1797,3993,לנצ'יצה,נפת לנצ'יצה
718,Dębica,Powiat Ropczyce,1900,2205,3991,דֶמְבִּיצָה,נפת רופצ'יצה
1057,Borszczów,,1880,1307,3988,בורשצ'וב,נפת בורשצ'וב
161,Działoszyn,Wieluń,1921,1430,3985,דז'יאלושין,ויילון
861,Jodłowa,Jasło,1900,290,3975,יוֹדְלוֹבָה,נפת יאסלו
392,Piotrków Trybunalski,Piotrków,1765,780,3967,פיוטרקוב טריבונאלסקי,פיעטריקאוו
393,Piotrków Trybunalski,Piotrków,1808,1817,3967,פיוטרקוב טריבונאלסקי,פיעטריקאוו
1128,Gliniany,Przemyślany,1870,1751,3965,גליניאני,פשמישלאני
1295,Cholojów,Kalievo,1900,1139,3965,חולויוב,כאליעוו
1009,Bolechów,,1910,3085,3958,בולחוב,נפת דולינה
1593,Stary Sambor,,1890,1613,3958,סטארי סאמבור,נפת סאמבור
1050,Bursztyn,Rohatyn,1880,2017,3953,בורשטין,נפת רוהאטין
1015,Bołszowce,Rohatyn,1900,2256,3938,בולשובצה,רוהאטין
1123,Grzymałów,Skalat,1910,2435,3930,גז'ימאלוב,נפת סקאלאט
720,Dębica,Powiat Ropczyce,1921,1564,3922,דֶמְבִּיצָה,נפת רופצ'יצה
689,Dobczyce,,1921,346,3920,דוֹבְּצִ'יצֶה,נפת מישלניצה
965,Ustrzyki Dolne,Istrzyk,1910,2328,3919,אוסצ'יקי דוֹלנֶה,איסטריק
1538,Sasów,Złoczów District,1910,1612,3918,סאסוב,מחוז זלוצ'וב
977,Barysz,Buchach District,1890,243,3908,באריש,נפת בוצ'אץ'
502,Kłodawa,Kolo,1921,1148,3901,קלודאווה,נפת קולו
97,Blaszki,Kalisz,1921,2186,3896,בלאשקי,נפת קאליש
1182,Halicz,Stanislavov,1890,1238,3887,האליץ',נפת סטאניסלאבוב
1548,Sądowa Wisznia,,1880,1100,3887,סונדובה וישניה,נפת מושצ'יסקה
862,Jodłowa,Jasło,1921,301,3878,יוֹדְלוֹבָה,נפת יאסלו
1249,Zborów,,1880,2109,3878,זבורוב,נפת זבורוב
1274,Żydaczów,Żydaczów,1910,892,3873,ז'ידאצ'וב,נפת ז'ידאצ'וב
591,Andrychów,Wadowice,1880,635,3866,אַנְדְרִיחוב,נפת ואדוביצה
103,Bełchatów,Piotrków Trybunalski,1897,2987,3859,בלחאטוב,נפת פיוטרקוב טריבונאלסקי
1518,Niżniów,Tłumacz,1880,711,3859,ניז'ניוב,נפת טלומאץ'
1488,Mikulińce,Tarnopol,1890,2468,3835,מיקולינצה,טארנופול
1275,Żydaczów,Żydaczów,1921,823,3823,ז'ידאצ'וב,נפת ז'ידאצ'וב
183,Wieluń,Wieluń,1857,624,3816,ויילון,נפת ויילון
1545,Solotwina,Nadworna,1900,1948,3814,סולוטבינה,נפת נאדבורנה
1464,Mosty Wielkie,Zhovkva,1880,1061,3809,מוֹסטי ויילקיה,נפת ז'ולקייב
579,Ulanów,Nisko,1880,1947,3807,אולאנוב,ניסקו
704,Dukla,Krosno,1921,2338,3806,דוּקְלָה,קרוסנו
1444,Lesko,Lesko,1921,2338,3806,לסקו,נפת לסקו
343,Słupca,Konin,1897,751,3805,סלופצה,נפת קונין
657,Biecz,Gorlice,1910,647,3803,בייטש,נפת גורליצה
1468,Mosty Wielkie,Zhovkva,1921,1142,3795,מוֹסטי ויילקיה,נפת ז'ולקייב
1537,Sasów,Złoczów District,1900,1761,3775,סאסוב,מחוז זלוצ'וב
304,Nowe Miasto,powiat Rawski Mazowiecki,1921,1667,3761,נובה מיאסטו,נפת ראווה מאזובייצקה
1487,Mikulińce,Tarnopol,1880,2411,3750,מיקולינצה,טארנופול
323,Sompolno,,1921,1149,3747,סומפולנו,נפת קולו
1253,Zborów,,1921,1086,3730,זבורוב,נפת זבורוב
1405,Jezupol,Azipali,1900,494,3730,ייזופול,אזיפאלי
1478,Mielnica,Borshchiv,1921,1411,3730,מיילניצה,נפת בורשצ'וב
943,Ottynia,Tlumach,1765,296,3714,אוטיניה,נפת טלומאץ'
944,Ottynia,Tlumach,1880,1557,3714,אוטיניה,נפת טלומאץ'
1005,Bolechów,,1859,2700,3704,בולחוב,נפת דולינה
624,Brzozów,Brzozów,1880,756,3697,בְּז'וזוב,בז'וזוב
262,Lask,Lask,1857,2646,3693,לאסק,נפת לאסק
641,Brzesko,Bzesko,1931,2101,3675,בְּנֵסְקוֹ,נפת בז'סקו
658,Biecz,Gorlice,1921,632,3673,בייטש,נפת גורליצה
1351,Tłuste,Zaleszczyki,1900,2172,3671,טלוסטה,נפת זאלשצ'יקי
1489,Mikulińce,Tarnopol,1900,2284,3660,מיקולינצה,טארנופול
639,Brzesko,Bzesko,1910,2430,3659,בְּנֵסְקוֹ,נפת בז'סקו
1635,Uniejów,Nef Turck,1921,1100,3657,אונייוב,נפת טורק
1079,Biały Kamień,Złoczów,1900,1709,3651,ביאלי קאמיין,נפת זלוצ'וב
534,Rawa Mazowiecka,,1827,1380,3650,ראווה מאזובייצקה,נפת ראווה מאזובייצקה
956,Olesko,Złoczów,1921,636,3645,אולסקו,נפת זלוצ'וב
1151,Dobromil,Dobrdomil,1910,2271,3633,דוברומיל,נפת דובדומיל
1119,Grzymałów,Skalat,1843,1729,3626,גז'ימאלוב,נפת סקאלאט
1289,Chodorów,Bobrka,1900,1649,3618,חודורוב,נפת בוברקה
580,Ulanów,Nisko,1890,1534,3613,אולאנוב,ניסקו
1476,Mielnica,Borshchiv,1880,1429,3595,מיילניצה,נפת בורשצ'וב
1477,Mielnica,Borshchiv,1900,1200,3589,מיילניצה,נפת בורשצ'וב
1224,Zablotów,Snyatyn,1921,1454,3583,זאבלוטוב,נפת שניאטין
1054,Bursztyn,Rohatyn,1921,1431,3581,בורשטין,נפת רוהאטין
717,Dębica,Powiat Ropczyce,1890,2153,3578,דֶמְבִּיצָה,נפת רופצ'יצה
482,Konin,,1827,862,3568,קונין,נפת קונין
267,Łowicz,Powiat Łowicz,1827,405,3551,לוביץ',נפת לוביץ'
528,Radoszyce,Koneckie,1897,1728,3549,ראדושיצה,נפת קונסקיה
688,Dobczyce,,1910,404,3542,דוֹבְּצִ'יצֶה,נפת מישלניצה
581,Ulanów,Nisko,1900,1369,3533,אולאנוב,ניסקו
860,Jodłowa,Jasło,1880,262,3532,יוֹדְלוֹבָה,נפת יאסלו
1293,Cholojów,Kalievo,1717,100,3529,חולויוב,כאליעוו
1294,Cholojów,Kalievo,1880,795,3529,חולויוב,כאליעוו
1220,Zablotów,Snyatyn,1880,1730,3523,זאבלוטוב,נפת שניאטין
954,Olesko,Złoczów,1900,770,3520,אולסקו,נפת זלוצ'וב
801,Tarnobrzeg-Dzików,Tarnobrzeg,1890,2840,3517,טַארְנוֹבְּזֶ'ג־דְזִיקוּב,נפת טארנובז'ג
52,Aleksandrów,,1857,975,3515,אלכסנדרוב,נפת לודז'
1078,Biały Kamień,Złoczów,1880,1901,3511,ביאלי קאמיין,נפת זלוצ'וב
1490,Mikulińce,Tarnopol,1910,2137,3511,מיקולינצה,טארנופול
517,Krośniewice,Kotno,1921,1259,3509,קרוֹשנייוויצה,נפת קוטנו
879,Lubliniec,Lubliniec,1911,240,3500,לוּבְּלִינֶייץ,לובלינייץ
1092,Belz,Sokal,1859,1783,3494,בלז,נפת סוקאל
1640,Brzeziny,,1827,942,3492,בז'ז'יני,נפת בז'ז'יני
870,Łańcut,Napt Lancut,1880,1587,3483,לַאנְצוּט,נפת לנצוט
1592,Stary Sambor,,1880,1377,3482,סטארי סאמבור,נפת סאמבור
1014,Bołszowce,Rohatyn,1890,2658,3481,בולשובצה,רוהאטין
803,Tarnobrzeg-Dzików,Tarnobrzeg,1910,2642,3464,טַארְנוֹבְּזֶ'ג־דְזִיקוּב,נפת טארנובז'ג
1181,Halicz,Stanislavov,1880,1048,3464,האליץ',נפת סטאניסלאבוב
656,Biecz,Gorlice,1900,554,3461,בייטש,נפת גורליצה
800,Tarnobrzeg-Dzików,Tarnobrzeg,1880,2768,3460,טַארְנוֹבְּזֶ'ג־דְזִיקוּב,נפת טארנובז'ג
1326,Toporów,Radziechów,1880,1133,3460,טופורוב,ראדז'ייחוב
941,Uhnow,Rawaruska,1921,1824,3452,אוהנוב,נפת ראווה רוסקה
250,Tuszyn,Lodz,1921,1271,3451,טושין,נפת לודז'
1483,Mikołajów,Żydaczów,1910,632,3448,מיקולאיוב,ז'ידאצ'וב
638,Brzesko,Bzesko,1900,2328,3444,בְּנֵסְקוֹ,נפת בז'סקו
1185,Halicz,Stanislavov,1921,582,3442,האליץ',נפת סטאניסלאבוב
897,Maków Podhalański,Wadowice,1910,148,3439,מאקוב פּוֹדְהַאלַאנְסקי,נפת ואדוביצה
1152,Dobromil,Dobrdomil,1921,2119,3431,דוברומיל,נפת דובדומיל
964,Ustrzyki Dolne,Istrzyk,1900,2091,3424,אוסצ'יקי דוֹלנֶה,איסטריק
1328,Toporów,Radziechów,1921,689,3421,טופורוב,ראדז'ייחוב
169,Warta,,1897,1772,3418,וארטה,נפת שייראדז
1440,Lesko,Lesko,1880,1990,3415,לסקו,נפת לסקו
408,Pyzdry,,1808,1221,3412,פייזער,נפת קונין
409,Pyzdry,,1827,993,3412,פייזער,נפת קונין
687,Dobczyce,,1900,334,3393,דוֹבְּצִ'יצֶה,נפת מישלניצה
878,Lubliniec,Lubliniec,1901,215,3387,לוּבְּלִינֶייץ,לובלינייץ
1083,Bilcze Złote,Borszczów,1900,203,3374,בילצ'ה זלוטה,נפת בורשצ'וב
493,Końskie,,1827,1703,3367,קינצק,נפת קונסקיה
582,Ulanów,Nisko,1910,1465,3351,אולאנוב,ניסקו
1273,Żydaczów,Żydaczów,1900,870,3347,ז'ידאצ'וב,נפת ז'ידאצ'וב
529,Radoszyce,Koneckie,1921,1278,3344,ראדושיצה,נפת קונסקיה
802,Tarnobrzeg-Dzików,Tarnobrzeg,1900,2537,3332,טַארְנוֹבְּזֶ'ג־דְזִיקוּב,נפת טארנובז'ג
686,Dobczyce,,1890,294,3329,דוֹבְּצִ'יצֶה,נפת מישלניצה
976,Barysz,Buchach District,1880,174,3322,באריש,נפת בוצ'אץ'
1143,Dobrotwór,Kamionka Strumiłowa,1900,383,3314,דוברוטבור,קאמיונקה סטרומילובה
1150,Dobromil,Dobrdomil,1900,1845,3309,דוברומיל,נפת דובדומיל
838,Jasło,,1880,433,3302,יָאסְלוֹ,נפת יאסלו
953,Olesko,Złoczów,1890,773,3301,אולסקו,נפת זלוצ'וב
739,Żabno,,1830,309,3299,ז'אבנו,נפת דומברובה
1535,Sasów,Złoczów District,1880,1906,3282,סאסוב,מחוז זלוצ'וב
260,Lask,Lask,1808,1260,3278,לאסק,נפת לאסק
303,Nowe Miasto,powiat Rawski Mazowiecki,1897,1711,3276,נובה מיאסטו,נפת ראווה מאזובייצקה
1429,Lopatyn,Radekhiv,1910,505,3270,לופאטין,ראדז'ייחוב
716,Dębica,Powiat Ropczyce,1880,2385,3256,דֶמְבִּיצָה,נפת רופצ'יצה
637,Brzesko,Bzesko,1890,2278,3246,בְּנֵסְקוֹ,נפת בז'סקו
438,Przysucha,Opočno,1921,2153,3238,פשיסחא,נפת אופוצ'נו
1524,Niemirów,Powiat Raw Ruska,1910,1962,3238,ניימירוב,נפת ראווה־רוסקה
1149,Dobromil,Dobrdomil,1890,2035,3237,דוברומיל,נפת דובדומיל
405,Piątek,Łęczyca,1921,1291,3234,פיונטק,נפת לנצ'יצה
966,Ustrzyki Dolne,Istrzyk,1921,1768,3234,אוסצ'יקי דוֹלנֶה,איסטריק
1407,Jezierzany,,1880,1558,3233,ייז'ייז'אני,נפת בורשצ'וב
1430,Lopatyn,Radekhiv,1921,400,3232,לופאטין,ראדז'ייחוב
898,Maków Podhalański,Wadowice,1921,189,3226,מאקוב פּוֹדְהַאלַאנְסקי,נפת ואדוביצה
168,Warta,,1857,1745,3224,וארטה,נפת שייראדז
693,Dąbrowa Tarnowska,,1880,1882,3219,דוֹמְבְּרוֹבָה טַארְנוֹבְסְקָה,דומברובה
1491,Mikulińce,Tarnopol,1921,1891,3217,מיקולינצה,טארנופול
702,Dukla,Krosno,1900,2539,3213,דוּקְלָה,קרוסנו
1536,Sasów,Złoczów District,1890,1493,3210,סאסוב,מחוז זלוצ'וב
1372,Jagielnica,Chortkov,1890,1759,3201,יאגיילניצה,נפת צ'ורטקוב
1350,Tłuste,Zaleszczyki,1880,2157,3199,טלוסטה,נפת זאלשצ'יקי
1400,Jaryczów Nowy,Lviv,1910,1608,3186,יאריצ'וב נובי,נפת לבוב
1264,Żurawno,Żydaczów,1880,2197,3184,ז'וראבנו,ז'ידאצ'וב
474,Kolo,,1827,1184,3182,קולו,נפת קולו
655,Biecz,Gorlice,1890,461,3180,בייטש,נפת גורליצה
896,Maków Podhalański,Wadowice,1900,152,3172,מאקוב פּוֹדְהַאלַאנְסקי,נפת ואדוביצה
527,Radoszyce,Koneckie,1888,1336,3169,ראדושיצה,נפת קונסקיה
804,Tarnobrzeg-Dzików,Tarnobrzeg,1921,2146,3169,טַארְנוֹבְּזֶ'ג־דְזִיקוּב,נפת טארנובז'ג
1210,Wojniłów,Kalush,1921,944,3166,ווינילוב,נפת קאלוש
550,Sieradz,,1827,595,3165,שייראדז,נפת שייראדז
1449,Magierów,Rawа Ruska,1900,1322,3158,מאגיירוב,נפת ראווה רוסקה
1484,Mikołajów,Żydaczów,1921,498,3156,מיקולאיוב,ז'ידאצ'וב
1127,Gliniany,Przemyślany,1860,1286,3155,גליניאני,פשמישלאני
1010,Bolechów,,1921,2433,3150,בולחוב,נפת דולינה
952,Olesko,Złoczów,1880,724,3145,אולסקו,נפת זלוצ'וב
636,Brzesko,Bzesko,1880,1983,3144,בְּנֵסְקוֹ,נפת בז'סקו
640,Brzesko,Bzesko,1921,1935,3144,בְּנֵסְקוֹ,נפת בז'סקו
1371,Jagielnica,Chortkov,1880,1892,3143,יאגיילניצה,נפת צ'ורטקוב
820,Tyczyn,,1910,985,3139,טיצ'ין,נפת ז'שוב
819,Tyczyn,,1900,854,3135,טיצ'ין,נפת ז'שוב
425,Praszka,Wieluń,1897,1878,3131,פראשקה,נפת ויילון
1482,Mikołajów,Żydaczów,1900,454,3130,מיקולאיוב,ז'ידאצ'וב
1601,Stojanów,Rdziejów,1921,631,3129,סטויאנוב,רדז'ייחוב
390,Poddębice,Leczyca,1921,1333,3122,פּוֹדדֶמביצה,נפת לנצ'יצה
1399,Jaryczów Nowy,Lviv,1900,1554,3121,יאריצ'וב נובי,נפת לבוב
1381,Jazłowiec,Buчач,1910,1496,3117,יאזלוביץ,נפת בוצ'אץ'
1544,Solotwina,Nadworna,1880,1541,3117,סולוטבינה,נפת נאדבורנה
680,Grybów,Nowy Sącz,1910,908,3114,גריבוב,נפת נובי סונץ'
1380,Jazłowiec,Buчач,1900,1298,3109,יאזלוביץ,נפת בוצ'אץ'
1404,Jezupol,Azipali,1880,426,3104,ייזופול,אזיפאלי
1539,Sasów,Złoczów District,1921,1096,3099,סאסוב,מחוז זלוצ'וב
821,Tyczyn,,1921,957,3095,טיצ'ין,נפת ז'שוב
160,Działoszyn,Wieluń,1857,1237,3092,דז'יאלושין,ויילון
1116,Gołogóry,Złoczów,1900,1130,3083,גולוגורי,נפת זלוצ'וב
1373,Jagielnica,Chortkov,1900,1366,3083,יאגיילניצה,נפת צ'ורטקוב
753,Zakopane,Nowy Targ,1890,124,3069,זאקופאנֶה,נובי טארג
149,Dobra,Turk,1921,1207,3055,דוברה,נפת טורק
337,Stryków,Łódź,1897,1799,3053,סטריקוב,נפת לודז'
410,Pyzdry,,1857,890,3053,פייזער,נפת קונין
1306,Chyrów,Sambor,1910,1092,3042,חירוב,נפת סאמבור
1180,Halicz,Stanislavov,1870,839,3033,האליץ',נפת סטאניסלאבוב
694,Dąbrowa Tarnowska,,1890,2391,3031,דוֹמְבְּרוֹבָה טַארְנוֹבְסְקָה,דומברובה
696,Dąbrowa Tarnowska,,1910,2403,3028,דוֹמְבְּרוֹבָה טַארְנוֹבְסְקָה,דומברובה
1374,Jagielnica,Chortkov,1910,1284,3027,יאגיילניצה,נפת צ'ורטקוב
1147,Dobromil,Dobrdomil,1870,1884,3025,דוברומיל,נפת דובדומיל
1406,Jezupol,Azipali,1921,188,3014,ייזופול,אזיפאלי
1379,Jazłowiec,Buчач,1880,1642,3008,יאזלוביץ,נפת בוצ'אץ'
700,Dukla,Krosno,1880,2410,3007,דוּקְלָה,קרוסנו
701,Dukla,Krosno,1890,2456,3006,דוּקְלָה,קרוסנו
695,Dąbrowa Tarnowska,,1900,2418,3000,דוֹמְבְּרוֹבָה טַארְנוֹבְסְקָה,דומברובה
1505,Narajów,Brezhany,1921,775,2989,נאראיוב,נפת בז'ז'אני
713,Dynów,,1900,1409,2985,דינוב,נפת בז'וזוב
26,Opoczno,Opoczno,1860,1713,2984,אופוצ'נו,נפת אופוצ'נו
41,Izbica Kujawska,Kalisz,1921,1378,2981,איזביצה קויאווסקה,נפת קאליש
1144,Dobrotwór,Kamionka Strumiłowa,1921,216,2979,דוברוטבור,קאמיונקה סטרומילובה
1461,Monasterzyska,,1921,1168,2967,מונאסטז'יסקה,נפת בוצ'אץ'
1523,Niemirów,Powiat Raw Ruska,1900,1725,2966,ניימירוב,נפת ראווה־רוסקה
24,Opoczno,Opoczno,1827,1922,2961,אופוצ'נו,נפת אופוצ'נו
217,Zelow,,1897,922,2961,זלוב,לאסק
521,Radomsko,,1857,1162,2956,ראדומסקו,נובו ראדומסקו
501,Kłodawa,Kolo,1897,874,2945,קלודאווה,נפת קולו
1084,Bilcze Złote,Borszczów,1921,133,2940,בילצ'ה זלוטה,נפת בורשצ'וב
654,Biecz,Gorlice,1880,397,2938,בייטש,נפת גורליצה
1408,Jezierzany,,1900,1823,2935,ייז'ייז'אני,נפת בורשצ'וב
1013,Bołszowce,Rohatyn,1880,1760,2932,בולשובצה,רוהאטין
182,Wieluń,Wieluń,1827,335,2931,ויילון,נפת ויילון
681,Grybów,Nowy Sącz,1921,847,2931,גריבוב,נפת נובי סונץ'
818,Tyczyn,,1890,999,2931,טיצ'ין,נפת ז'שוב
1428,Lopatyn,Radekhiv,1900,508,2926,לופאטין,ראדז'ייחוב
1305,Chyrów,Sambor,1900,1164,2919,חירוב,נפת סאמבור
488,Konstantynów,,1857,613,2917,קונסטאנטינוב,קאנסטאנטין
960,Oleszyce,Lubaczów,1921,1590,2917,אוֹלֶשִׁיצֶה,נפת לובאצ'וב
1266,Żurawno,Żydaczów,1900,1546,2911,ז'וראבנו,ז'ידאצ'וב
1522,Niemirów,Powiat Raw Ruska,1890,1678,2910,ניימירוב,נפת ראווה־רוסקה
685,Dobczyce,,1880,160,2908,דוֹבְּצִ'יצֶה,נפת מישלניצה
708,Dziedzice,Bielsko,1921,234,2906,דְּזִיידְזִיצֶה,ביילסקו
437,Przysucha,Opočno,1897,2168,2903,פשיסחא,נפת אופוצ'נו
623,Brzozów,Brzozów,1850,306,2903,בְּז'וזוב,בז'וזוב
1398,Jaryczów Nowy,Lviv,1890,1168,2895,יאריצ'וב נובי,נפת לבוב
302,Nowe Miasto,powiat Rawski Mazowiecki,1857,1759,2887,נובה מיאסטו,נפת ראווה מאזובייצקה
1142,Dobrotwór,Kamionka Strumiłowa,1880,379,2887,דוברוטבור,קאמיונקה סטרומילובה
674,Głogów,Żeszów,1910,1035,2878,גְלוֹגוּב,ז'שוב
925,Myślenice,Kraków,1910,606,2868,מישלניצה,מחוז קראקוב
1600,Stojanów,Rdziejów,1900,726,2852,סטויאנוב,רדז'ייחוב
322,Sompolno,,1897,641,2848,סומפולנו,נפת קולו
159,Działoszyn,Wieluń,1827,784,2845,דז'יאלושין,ויילון
673,Głogów,Żeszów,1900,962,2832,גְלוֹגוּב,ז'שוב
671,Głogów,Żeszów,1880,1201,2831,גְלוֹגוּב,ז'שוב
1604,Strusów,,1900,735,2829,סטרוסוב,נפת טרמבובלה
983,Bóbrka,Bóbrka district,1859,1778,2817,בוברקה,נפת בוברקה
1448,Magierów,Rawа Ruska,1880,1138,2812,מאגיירוב,נפת ראווה רוסקה
95,Blaszki,Kalisz,1857,1653,2806,בלאשקי,נפת קאליש
1455,Medenice,Drohobych,1921,193,2805,מדניצה,נפת דרוהוביץ
315,Sulejów,Silew,1884,1022,2799,סולייוב,סילעוו
1267,Żurawno,Żydaczów,1910,1338,2798,ז'וראבנו,ז'ידאצ'וב
1082,Bilcze Złote,Borszczów,1880,126,2794,בילצ'ה זלוטה,נפת בורשצ'וב
1288,Chodorów,Bobrka,1890,1433,2787,חודורוב,נפת בוברקה
712,Dynów,,1880,1241,2784,דינוב,נפת בז'וזוב
1148,Dobromil,Dobrdomil,1880,1918,2773,דוברומיל,נפת דובדומיל
1114,Gołogóry,Złoczów,1765,498,2766,גולוגורי,נפת זלוצ'וב
1115,Gołogóry,Złoczów,1880,1216,2766,גולוגורי,נפת זלוצ'וב
203,Zduńska Wola,Sieradz,1827,468,2758,זדונסקה וולה,נפת שייראדז
959,Oleszyce,Lubaczów,1900,1514,2755,אוֹלֶשִׁיצֶה,נפת לובאצ'וב
565,Szczerców,,1897,962,2754,שצ'רצוב,נפת לאסק
1124,Grzymałów,Skalat,1921,1494,2748,גז'ימאלוב,נפת סקאלאט
509,Kleczew,Kalisz,1921,894,2744,קְלֶצֶב,נפת קאליש
895,Maków Podhalański,Wadowice,1890,114,2741,מאקוב פּוֹדְהַאלַאנְסקי,נפת ואדוביצה
1504,Narajów,Brezhany,1900,879,2738,נאראיוב,נפת בז'ז'אני
167,Warta,,1827,928,2731,וארטה,נפת שייראדז
714,Dynów,,1921,1273,2727,דינוב,נפת בז'וזוב
1209,Wojniłów,Kalush,1900,1115,2726,ווינילוב,נפת קאלוש
1569,Schodnica,Drohobych district,1921,689,2726,סחודניצה,נפת דרוהוביץ'
389,Poddębice,Leczyca,1897,1266,2724,פּוֹדדֶמביצה,נפת לנצ'יצה
391,Poddębice,Leczyca,1939,1400,2724,פּוֹדדֶמביצה,נפת לנצ'יצה
1427,Lopatyn,Radekhiv,1890,537,2724,לופאטין,ראדז'ייחוב
148,Dobra,Turk,1897,1185,2719,דוברה,נפת טורק
429,Przedbórz,Koneckie,1827,1801,2717,פשדבוז',נפת קונסקיה
679,Grybów,Nowy Sącz,1900,711,2717,גריבוב,נפת נובי סונץ'
1265,Żurawno,Żydaczów,1890,1665,2716,ז'וראבנו,ז'ידאצ'וב
1375,Jagielnica,Chortkov,1921,988,2702,יאגיילניצה,נפת צ'ורטקוב
244,Turek,Powiat Turek,1939,2700,2700,טורֶק,נפת טורק
292,Łęczyca,Powiat Łęczyca,1800,1029,2691,לנצ'יצה,נפת לנצ'יצה
1480,Mikołajów,Żydaczów,1880,285,2687,מיקולאיוב,ז'ידאצ'וב
1603,Strusów,,1880,559,2683,סטרוסוב,נפת טרמבובלה
1634,Uniejów,Nef Turck,1897,960,2681,אונייוב,נפת טורק
912,Milówka,"Żywiec, Kraków",1900,174,2678,מילובקה,"נפת ז'יווייץ, מחוז קראקוב"
877,Lubliniec,Lubliniec,1885,334,2674,לוּבְּלִינֶייץ,לובלינייץ
672,Głogów,Żeszów,1890,1040,2672,גְלוֹגוּב,ז'שוב
1622,Strzeliska Nowe,Bobrka,1900,1597,2672,סצ'ליסקה נובה,נפת בוברקה
815,Tuchów,Tarnów,1910,455,2667,טוחוב,נפת טארנוב
1387,Janów,Grodzisk Jagielloński,1900,749,2667,יאנוב,גרודק יאגיילונסקי
1393,Janów,Trembowla,1900,749,2667,יאנוב,טרמבובלה
40,Izbica Kujawska,Kalisz,1909,1542,2662,איזביצה קויאווסקה,נפת קאליש
697,Dąbrowa Tarnowska,,1921,2099,2660,דוֹמְבְּרוֹבָה טַארְנוֹבְסְקָה,דומברובה
1481,Mikołajów,Żydaczów,1890,322,2658,מיקולאיוב,ז'ידאצ'וב
353,Skierniewice,Skierniewice,1857,766,2656,סקיירנייוויצה,נפת סקיירנייוויצה
336,Stryków,Łódź,1857,1713,2654,סטריקוב,נפת לודז'
1307,Chyrów,Sambor,1921,919,2654,חירוב,נפת סאמבור
257,Jeżów,powiat Brzeziny,1921,1048,2650,ייז'וב,נפת בז'ז'יני
902,Muszyna,Nowy Sącz,1910,427,2649,מוּשִׁינָה,נפת נובי סונץ'
1272,Żydaczów,Żydaczów,1810,741,2647,ז'ידאצ'וב,נפת ז'ידאצ'וב
436,Przysucha,Opočno,1857,2040,2642,פשיסחא,נפת אופוצ'נו
1521,Niemirów,Powiat Raw Ruska,1880,1445,2635,ניימירוב,נפת ראווה־רוסקה
1352,Tłuste,Zaleszczyki,1921,1196,2629,טלוסטה,נפת זאלשצ'יקי
1566,Sokołówka,Złoczów,1900,756,2626,סוקולובקה,נפת זלוצ'וב
1002,Bohorodczany,Stanislavov District,1921,730,2615,בוהורודצ'אני,נפת סטאניסלאבוב
385,Pajęczno,Radomsko,1921,618,2609,פאיינצ'נו,נפת ראדומסקו
973,Uscieczko,Zaleszczyki,1900,595,2607,אושצ'יצ'קו,זאלשצ'יקי
951,Olesko,Złoczów,1857,461,2605,אולסקו,נפת זלוצ'וב
923,Myślenice,Kraków,1890,434,2600,מישלניצה,מחוז קראקוב
1388,Janów,Grodzisk Jagielloński,1910,1117,2597,יאנוב,גרודק יאגיילונסקי
913,Milówka,"Żywiec, Kraków",1921,163,2585,מילובקה,"נפת ז'יווייץ, מחוז קראקוב"
972,Uscieczko,Zaleszczyki,1880,969,2585,אושצ'יצ'קו,זאלשצ'יקי
1304,Chyrów,Sambor,1890,1078,2574,חירוב,נפת סאמבור
901,Muszyna,Nowy Sącz,1900,317,2571,מוּשִׁינָה,נפת נובי סונץ'
1397,Jaryczów Nowy,Lviv,1880,1170,2571,יאריצ'וב נובי,נפת לבוב
1567,Sokołówka,Złoczów,1921,460,2569,סוקולובקה,נפת זלוצ'וב
330,Stawiszyn,Kalish,1921,672,2560,סטאווישין,נפת קאליש
1386,Janów,Grodzisk Jagielloński,1890,865,2560,יאנוב,גרודק יאגיילונסקי
1064,Brzozdowce,Bóbrka,1900,486,2556,בז'וזדובצה,נפת בוברקה
924,Myślenice,Kraków,1900,482,2549,מישלניצה,מחוז קראקוב
963,Ustrzyki Dolne,Istrzyk,1890,1527,2524,אוסצ'יקי דוֹלנֶה,איסטריק
1599,Stojanów,Rdziejów,1880,210,2524,סטויאנוב,רדז'ייחוב
903,Muszyna,Nowy Sącz,1921,423,2516,מוּשִׁינָה,נפת נובי סונץ'
473,Kolo,,1808,802,2515,קולו,נפת קולו
1437,Lysiec,Stanislavov,1900,1095,2512,לישייץ,סטאניסלאבוב
770,Żmigród Nowy,Jasło,1880,1330,2508,ז'מיגרוד נוֹבִי,נפת יאסלו
166,Warta,,1817,716,2507,וארטה,נפת שייראדז
817,Tyczyn,,1880,735,2502,טיצ'ין,נפת ז'שוב
894,Maków Podhalański,Wadowice,1880,86,2502,מאקוב פּוֹדְהַאלַאנְסקי,נפת ואדוביצה
439,Przysucha,Opočno,1939,2500,2500,פשיסחא,נפת אופוצ'נו
814,Tuchów,Tarnów,1900,378,2495,טוחוב,נפת טארנוב
752,Zakopane,Nowy Targ,1880,84,2489,זאקופאנֶה,נובי טארג
39,Izbica Kujawska,Kalisz,1897,1250,2488,איזביצה קויאווסקה,נפת קאליש
1392,Janów,Trembowla,1880,998,2483,יאנוב,טרמבובלה
1450,Magierów,Rawа Ruska,1921,600,2473,מאגיירוב,נפת ראווה רוסקה
1503,Narajów,Brezhany,1880,1088,2473,נאראיוב,נפת בז'ז'אני
1525,Niemirów,Powiat Raw Ruska,1921,1298,2463,ניימירוב,נפת ראווה־רוסקה
1091,Belz,Sokal,1829,460,2460,בלז,נפת סוקאל
1038,Bukaczowce,,1900,1216,2459,בוקאצ'ובצה,נפת רוהאטין
922,Myślenice,Kraków,1880,386,2455,מישלניצה,מחוז קראקוב
1117,Gołogóry,Złoczów,1921,505,2447,גולוגורי,נפת זלוצ'וב
816,Tuchów,Tarnów,1921,328,2443,טוחוב,נפת טארנוב
969,Uście Zielone,Buczacz,1900,597,2442,אושצ'יה ז'יילוֹנה,נפת בוצ'אץ'
1424,Lutowiska,Lesko,1900,1570,2442,לוטוביסקה,נפת לסקו
191,Wieruszów,,1841,849,2438,ויירושוב,נפת ויילון
707,Dziedzice,Bielsko,1910,185,2436,דְּזִיידְזִיצֶה,ביילסקו
1270,Żydaczów,Żydaczów,1765,199,2431,ז'ידאצ'וב,נפת ז'ידאצ'וב
1271,Żydaczów,Żydaczów,1880,700,2431,ז'ידאצ'וב,נפת ז'ידאצ'וב
131,Głowno,powiat Brzeziny,1921,1430,2422,גלובנו,נפת בז'ז'יני
1112,Gwoździec,,1900,1663,2422,גבוז'דז'יץ,נפת קולומיאה
122,Golina,Konin,1921,695,2418,גולינה,נפת קונין
500,Kłodawa,Kolo,1857,585,2416,קלודאווה,נפת קולו
1287,Chodorów,Bobrka,1880,1049,2413,חודורוב,נפת בוברקה
971,Uście Zielone,Buczacz,1931,573,2412,אושצ'יה ז'יילוֹנה,נפת בוצ'אץ'
1605,Strusów,,1921,579,2412,סטרוסוב,נפת טרמבובלה
147,Dobra,Turk,1857,1300,2407,דוברה,נפת טורק
968,Uście Zielone,Buczacz,1880,807,2405,אושצ'יה ז'יילוֹנה,נפת בוצ'אץ'
678,Grybów,Nowy Sącz,1890,649,2401,גריבוב,נפת נובי סונץ'
456,Kamieńsk,powiat Piotrków Trybunalski,1921,856,2390,קאמינסק,נפת פיוטרקוב טריבונאלסקי
1621,Strzeliska Nowe,Bobrka,1880,1477,2381,סצ'ליסקה נובה,נפת בוברקה
1661,Koniecpol,Radomsko,1921,1077,2377,קונייצפּוֹל,נפת ראדומסקו
1065,Brzozdowce,Bóbrka,1921,440,2376,בז'וזדובצה,נפת בוברקה
508,Kleczew,Kalisz,1897,734,2371,קְלֶצֶב,נפת קאליש
605,Baranow,Tarnobrzeg,1890,1491,2371,באראנוב,נפת טארנובז'ג
266,Łowicz,Powiat Łowicz,1808,60,2367,לוביץ',נפת לוביץ'
813,Tuchów,Tarnów,1890,344,2367,טוחוב,נפת טארנוב
876,Lubliniec,Lubliniec,1861,432,2365,לוּבְּלִינֶייץ,לובלינייץ
1436,Lysiec,Stanislavov,1880,983,2359,לישייץ,סטאניסלאבוב
237,Tuliszków,Konin,1921,260,2358,טולישקוב,נפת קונין
900,Muszyna,Nowy Sącz,1890,265,2358,מוּשִׁינָה,נפת נובי סונץ'
1162,Dunajów,,1900,338,2350,דונאיוב,פשמישלאני
812,Tuchów,Tarnów,1880,265,2337,טוחוב,נפת טארנוב
25,Opoczno,Opoczno,1857,1472,2334,אופוצ'נו,נפת אופוצ'נו
404,Piątek,Łęczyca,1897,1090,2325,פיונטק,נפת לנצ'יצה
90,Biała Rawska,,1921,1429,2323,ביאלה ראווסקה,נפת ראווה מאזובייצקה
1515,Nizankowice,Przemyśl,1910,669,2313,ניז'אנקוביצה,פשמישל
240,Turek,Powiat Turek,1827,95,2302,טורֶק,נפת טורק
852,Jasienica Rosielna,Żółkiew,1900,546,2302,יָאשֶׁיינִיצָה רוֹשֶׁיילְנָה,נפת בז'וזוב
1426,Lopatyn,Radekhiv,1880,332,2302,לופאטין,ראדז'ייחוב
223,Złoczew,Sieradz District,1897,1501,2301,זלוצ'ב,נפת שייראדז
1394,Janów,Trembowla,1921,525,2292,יאנוב,טרמבובלה
675,Głogów,Żeszów,1921,648,2291,גְלוֹגוּב,ז'שוב
771,Żmigród Nowy,Jasło,1900,1240,2289,ז'מיגרוד נוֹבִי,נפת יאסלו
677,Grybów,Nowy Sącz,1880,596,2287,גריבוב,נפת נובי סונץ'
958,Oleszyce,Lubaczów,1880,1300,2286,אוֹלֶשִׁיצֶה,נפת לובאצ'וב
1542,Suchostaw,Kopychyntsi,1880,614,2282,סוחוסטאב,קופיצ'ינצה
949,Ułaszkowce,Chortkiv Raion,1900,489,2280,אולאשקובצה,נפת צ'ורטקוב
464,Kutno,,1800,1401,2278,קוטנו,נפת קוטנו
462,Koźminek,Kalisz,1921,729,2273,קוז'מינק,נפת קאליש
1409,Jezierzany,,1921,1302,2272,ייז'ייז'אני,נפת בורשצ'וב
948,Ułaszkowce,Chortkiv Raion,1880,728,2270,אולאשקובצה,נפת צ'ורטקוב
970,Uście Zielone,Buczacz,1921,550,2255,אושצ'יה ז'יילוֹנה,נפת בוצ'אץ'
1039,Bukaczowce,,1921,649,2251,בוקאצ'ובצה,נפת רוהאטין
1649,Wolbórz,Piotrków Trybunalski,1921,443,2248,וולבוז',נפת פיוטרקוב טריבונאלסקי
335,Stryków,Łódź,1827,1394,2236,סטריקוב,נפת לודז'
435,Przysucha,Opočno,1827,1658,2236,פשיסחא,נפת אופוצ'נו
1514,Nizankowice,Przemyśl,1900,417,2231,ניז'אנקוביצה,פשמישל
177,Widawa,Powiat Łask,1921,773,2209,וידאווה,נפת לאסק
284,Lutomiersk,Łask,1921,775,2193,לוטוֹמיירסק,נפת לאסק
583,Ulanów,Nisko,1921,861,2192,אולאנוב,ניסקו
1017,Bołszowce,Rohatyn,1921,825,2186,בולשובצה,רוהאטין
1163,Dunajów,,1921,95,2184,דונאיוב,פשמישלאני
1445,Leszniów,,1880,696,2181,לשניוּב,נפת ברודי
889,Limanowa,Limanowa,1910,982,2180,לימאַנוֹבָה,לימאנובה
750,Zator,,1910,477,2176,זאטור,נפת ואדוביצה
1208,Wojniłów,Kalush,1880,977,2176,ווינילוב,נפת קאלוש
1213,Witkow Nowy,Radziechów district,1921,987,2176,ויטקוב נובי,נפת ראדז'ייחוב
892,Majdan,Kolbuszowa District,1900,590,2174,מַאיְדַאן,נפת קולבושובה
1565,Sokołówka,Złoczów,1880,983,2167,סוקולובקה,נפת זלוצ'וב
283,Lutomiersk,Łask,1857,999,2160,לוטוֹמיירסק,נפת לאסק
282,Lutomiersk,Łask,1827,1102,2153,לוטוֹמיירסק,נפת לאסק
1391,Janów,Trembowla,1860,848,2145,יאנוב,טרמבובלה
890,Limanowa,Limanowa,1921,905,2143,לימאַנוֹבָה,לימאנובה
1063,Brzozdowce,Bóbrka,1880,516,2142,בז'וזדובצה,נפת בוברקה
1323,Touste,Skalat,1880,671,2139,טוֹאוּסטה,סקאלאט
1401,Jaryczów Nowy,Lviv,1921,926,2139,יאריצ'וב נובי,נפת לבוב
1546,Solotwina,Nadworna,1921,610,2136,סולוטבינה,נפת נאדבורנה
277,Lututów,Wieluń,1921,1466,2132,לוטוטוב,נפת ויילון
190,Wieruszów,,1827,519,2126,ויירושוב,נפת ויילון
1425,Lutowiska,Lesko,1921,1220,2125,לוטוביסקה,נפת לסקו
146,Dobra,Turk,1827,1058,2120,דוברה,נפת טורק
38,Izbica Kujawska,Kalisz,1857,970,2119,איזביצה קויאווסקה,נפת קאליש
1507,Narol,Lwów,1900,1030,2116,נארול,"נפת לובאצ'וב, מחוז לבוב"
329,Stawiszyn,Kalish,1884,656,2106,סטאווישין,נפת קאליש
465,Kutno,,1808,1357,2105,קוטנו,נפת קוטנו
1203,Husiatyn,Nafat Kopychyntsi,1921,368,2104,הושיאטין,נפת קופיצ'ינצה
1212,Witkow Nowy,Radziechów district,1900,1060,2102,ויטקוב נובי,נפת ראדז'ייחוב
533,Rawa Mazowiecka,,1808,659,2093,ראווה מאזובייצקה,נפת ראווה מאזובייצקה
851,Jasienica Rosielna,Żółkiew,1880,487,2091,יָאשֶׁיינִיצָה רוֹשֶׁיילְנָה,נפת בז'וזוב
853,Jasienica Rosielna,Żółkiew,1921,479,2090,יָאשֶׁיינִיצָה רוֹשֶׁיילְנָה,נפת בז'וזוב
384,Pajęczno,Radomsko,1897,594,2087,פאיינצ'נו,נפת ראדומסקו
1037,Bukaczowce,,1880,1115,2085,בוקאצ'ובצה,נפת רוהאטין
558,Slesin,Konin,1921,304,2078,שלשין,נפת קונין
1087,Bircza,Powiat Drohobych,1900,1050,2071,בירצ'ה,נפת דוברומיל
899,Muszyna,Nowy Sącz,1880,217,2065,מוּשִׁינָה,נפת נובי סונץ'
911,Milówka,"Żywiec, Kraków",1890,116,2059,מילובקה,"נפת ז'יווייץ, מחוז קראקוב"
293,Łęczyca,Powiat Łęczyca,1808,999,2057,לנצ'יצה,נפת לנצ'יצה
352,Skierniewice,Skierniewice,1827,216,2056,סקיירנייוויצה,נפת סקיירנייוויצה
192,Wieruszów,,1857,844,2039,ויירושוב,נפת ויילון
950,Ułaszkowce,Chortkiv Raion,1921,138,2037,אולאשקובצה,נפת צ'ורטקוב
1215,Wielkie Oczy,Yavoriv,1900,862,2037,ויילקיה אוצ'י,יאבורוב
199,Żarnów,,1897,1171,2035,ז'ארנוב,נפת אופוצינו
481,Konin,,1808,369,2015,קונין,נפת קונין
893,Majdan,Kolbuszowa District,1921,565,2014,מַאיְדַאן,נפת קולבושובה
1513,Nizankowice,Przemyśl,1890,546,2009,ניז'אנקוביצה,פשמישל
1211,Witkow Nowy,Radziechów district,1890,1060,2008,ויטקוב נובי,נפת ראדז'ייחוב
1446,Leszniów,,1900,513,2005,לשניוּב,נפת ברודי
604,Baranow,Tarnobrzeg,1880,1155,2002,באראנוב,נפת טארנובז'ג
499,Kłodawa,Kolo,1827,443,1995,קלודאווה,נפת קולו
751,Zator,,1921,436,1995,זאטור,נפת ואדוביצה
261,Lask,Lask,1827,1270,1993,לאסק,נפת לאסק
1113,Gwoździec,,1921,1234,1992,גבוז'דז'יץ,נפת קולומיאה
1324,Touste,Skalat,1900,613,1991,טוֹאוּסטה,סקאלאט
21,Oviazd,,1921,792,1987,אויאזד,
1543,Suchostaw,Kopychyntsi,1921,378,1987,סוחוסטאב,קופיצ'ינצה
1286,Chodorów,Bobrka,1859,670,1986,חודורוב,נפת בוברקה
1382,Jazłowiec,Buчач,1921,474,1982,יאזלוביץ,נפת בוצ'אץ'
772,Żmigród Nowy,Jasło,1921,940,1959,ז'מיגרוד נוֹבִי,נפת יאסלו
1080,Biały Kamień,Złoczów,1921,298,1952,ביאלי קאמיין,נפת זלוצ'וב
162,Działoszyn,Wieluń,1939,2000,1939,דז'יאלושין,ויילון
178,Widawa,Powiat Łask,1939,728,1939,וידאווה,נפת לאסק
285,Lutomiersk,Łask,1939,750,1939,לוטוֹמיירסק,נפת לאסק
406,Piątek,Łęczyca,1939,1275,1939,פיונטק,נפת לנצ'יצה
538,Rawa Mazowiecka,,1939,2500,1939,ראווה מאזובייצקה,נפת ראווה מאזובייצקה
256,Jeżów,powiat Brzeziny,1897,733,1935,ייז'וב,נפת בז'ז'יני
810,Tarnowskie Góry,Tarnowskie Góry,1933,300,1933,טַארְנוֹבְסקֶיה גוּרִי,נפת טאדנובסקיה גודי
1620,Stryj,Stryi,1932,10869,1932,סטריא,נפת סטרי
1134,Gliniany,Przemyślany,1931,1900,1931,גליניאני,פשמישלאני
1141,Gródek Jagielloński,Gródek Jagielloński,1931,3281,1931,גרוּדֶק יאגיילונסקי,נפת גרודק יאגיילונסקי
1269,Żurawno,Żydaczów,1931,1000,1931,ז'וראבנו,ז'ידאצ'וב
1292,Chodorów,Bobrka,1931,2216,1931,חודורוב,נפת בוברקה
1492,Mikulińce,Tarnopol,1931,1770,1931,מיקולינצה,טארנופול
85,Brzeźnica,Radomsko,1930,150,1930,בז'ז'ניצה,נפת ראדומסקו
1088,Bircza,Powiat Drohobych,1921,1038,1929,בירצ'ה,נפת דוברומיל
1268,Żurawno,Żydaczów,1921,865,1926,ז'וראבנו,ז'ידאצ'וב
165,Warta,,1808,523,1923,וארטה,נפת שייראדז
926,Myślenice,Kraków,1921,675,1921,מישלניצה,מחוז קראקוב
974,Uscieczko,Zaleszczyki,1921,244,1916,אושצ'יצ'קו,זאלשצ'יקי
1303,Chyrów,Sambor,1880,912,1912,חירוב,נפת סאמבור
730,Wojnicz,Bochnia,1921,164,1910,ווֹינִיץ,בז'סקו
1077,Biały Kamień,Złoczów,1765,345,1901,ביאלי קאמיין,נפת זלוצ'וב
1081,Biały Kamień,Złoczów,1930,202,1901,ביאלי קאמיין,נפת זלוצ'וב
84,Brzeźnica,Radomsko,1921,406,1899,בז'ז'ניצה,נפת ראדומסקו
200,Żarnów,,1921,919,1892,ז'ארנוב,נפת אופוצינו
1447,Leszniów,,1921,179,1871,לשניוּב,נפת ברודי
1453,Mariampol,Stanislavov District,1900,525,1871,מאריאמפול,"נפת סטאניסלאבוב, מחוז סטאניסלאבוב"
1302,Chyrów,Sambor,1859,574,1869,חירוב,נפת סאמבור
1111,Gwoździec,,1880,1263,1867,גבוז'דז'יץ,נפת קולומיאה
526,Radoszyce,Koneckie,1857,747,1865,ראדושיצה,נפת קונסקיה
869,Łańcut,Napt Lancut,1865,1200,1865,לַאנְצוּט,נפת לנצוט
1516,Nizankowice,Przemyśl,1921,408,1865,ניז'אנקוביצה,פשמישל
1368,Jabłonów,,1900,1105,1861,יאבלונוב,נפת קולומיאה
1656,Koniecpol,Radomsko,1764,394,1857,קונייצפּוֹל,נפת ראדומסקו
1657,Koniecpol,Radomsko,1808,445,1857,קונייצפּוֹל,נפת ראדומסקו
1614,Stryj,Stryi,1856,4405,1856,סטריא,נפת סטרי
78,Boleslawiec,Wieluń,1921,546,1854,בוֹלֶסלאווייץ,נפת ויילון
455,Kamieńsk,powiat Piotrków Trybunalski,1897,781,1851,קאמינסק,נפת פיוטרקוב טריבונאלסקי
388,Poddębice,Leczyca,1857,832,1845,פּוֹדדֶמביצה,נפת לנצ'יצה
1623,Strzeliska Nowe,Bobrka,1921,771,1844,סצ'ליסקה נובה,נפת בוברקה
1214,Wielkie Oczy,Yavoriv,1880,985,1842,ויילקיה אוצ'י,יאבורוב
1036,Bukaczowce,,1859,1059,1840,בוקאצ'ובצה,נפת רוהאטין
763,Żołynia,Lancut,1880,1071,1834,ז'וֹלִינְיָה,נפת לאנצוט
962,Ustrzyki Dolne,Istrzyk,1880,1146,1824,אוסצ'יקי דוֹלנֶה,איסטריק
288,Lyszkowice,Lubicz,1921,545,1820,לישקוביצה,נפת לוביץ'
1161,Dunajów,,1880,331,1820,דונאיוב,פשמישלאני
606,Baranow,Tarnobrzeg,1900,918,1817,באראנוב,נפת טארנובז'ג
1385,Janów,Grodzisk Jagielloński,1880,968,1817,יאנוב,גרודק יאגיילונסקי
1508,Narol,Lwów,1921,734,1817,נארול,"נפת לובאצ'וב, מחוז לבוב"
424,Praszka,Wieluń,1857,907,1810,פראשקה,נפת ויילון
1389,Janów,Grodzisk Jagielloński,1921,490,1808,יאנוב,גרודק יאגיילונסקי
1655,Rzgów,Lodz,1921,93,1808,ז'גוב,נפת לודז'
888,Limanowa,Limanowa,1900,778,1806,לימאַנוֹבָה,לימאנובה
383,Pajęczno,Radomsko,1857,518,1802,פאיינצ'נו,נפת ראדומסקו
175,Widawa,Powiat Łask,1857,968,1800,וידאווה,נפת לאסק
44,Inowłódź,,1793,59,1794,אינובלודז',ראווה מאזובייצקה
236,Tuliszków,Konin,1897,200,1794,טולישקוב,נפת קונין
608,Baranow,Tarnobrzeg,1921,745,1794,באראנוב,נפת טארנובז'ג
80,Brzeźnica,Radomsko,1793,10,1793,בז'ז'ניצה,נפת ראדומסקו
179,Wieluń,Wieluń,1777,8,1793,ויילון,נפת ויילון
684,Dubiecko,Przemyśl,1921,977,1793,דובעצק,נפת פשמישל
520,Radomsko,,1827,369,1792,ראדומסקו,נובו ראדומסקו
1369,Jabłonów,,1921,834,1789,יאבלונוב,נפת קולומיאה
1633,Uniejów,Nef Turck,1857,650,1787,אונייוב,נפת טורק
121,Golina,Konin,1897,679,1784,גולינה,נפת קונין
301,Nowe Miasto,powiat Rawski Mazowiecki,1827,903,1784,נובה מיאסטו,נפת ראווה מאזובייצקה
1423,Lutowiska,Lesko,1880,1240,1776,לוטוביסקה,נפת לסקו
341,Słupca,Konin,1827,16,1768,סלופצה,נפת קונין
43,Inowłódź,,1764,22,1765,אינובלודז',ראווה מאזובייצקה
325,Stawiszyn,Kalish,1764,57,1765,סטאווישין,נפת קאליש
769,Żmigród Nowy,Jasło,1765,683,1765,ז'מיגרוד נוֹבִי,נפת יאסלו
868,Łańcut,Napt Lancut,1765,829,1765,לַאנְצוּט,נפת לנצוט
1035,Bukaczowce,,1765,289,1765,בוקאצ'ובצה,נפת רוהאטין
1126,Gliniany,Przemyślany,1765,688,1765,גליניאני,פשמישלאני
1135,Gródek Jagielloński,Gródek Jagielloński,1765,788,1765,גרוּדֶק יאגיילונסקי,נפת גרודק יאגיילונסקי
1160,Dunajów,,1765,50,1765,דונאיוב,פשמישלאני
1285,Chodorów,Bobrka,1765,882,1765,חודורוב,נפת בוברקה
1403,Jezupol,Azipali,1765,85,1765,ייזופול,אזיפאלי
1486,Mikulińce,Tarnopol,1765,427,1765,מיקולינצה,טארנופול
1611,Stryj,Stryi,1765,1765,1765,סטריא,נפת סטרי
15,Ujazd,n. Bezhizhini,1764,79,1764,אויאזד,נפת בז'ז'יני
156,Działoszyn,Wieluń,1764,649,1764,דז'יאלושין,ויילון
172,Widawa,Powiat Łask,1764,166,1764,וידאווה,נפת לאסק
279,Lutomiersk,Łask,1764,404,1764,לוטוֹמיירסק,נפת לאסק
299,Nowe Miasto,powiat Rawski Mazowiecki,1764,146,1764,נובה מיאסטו,נפת ראווה מאזובייצקה
400,Piątek,Łęczyca,1764,101,1764,פיונטק,נפת לנצ'יצה
532,Rawa Mazowiecka,,1764,65,1764,ראווה מאזובייצקה,נפת ראווה מאזובייצקה
607,Baranow,Tarnobrzeg,1910,894,1764,באראנוב,נפת טארנובז'ג
507,Kleczew,Kalisz,1857,985,1760,קְלֶצֶב,נפת קאליש
1062,Borszczów,,1931,1756,1756,בורשצ'וב,נפת בורשצ'וב
1659,Koniecpol,Radomsko,1857,726,1755,קונייצפּוֹל,נפת ראדומסקו
549,Sieradz,,1808,177,1753,שייראדז,נפת שייראדז
320,Sompolno,,1827,318,1752,סומפולנו,נפת קולו
683,Dubiecko,Przemyśl,1900,976,1752,דובעצק,נפת פשמישל
1512,Nizankowice,Przemyśl,1880,364,1752,ניז'אנקוביצה,פשמישל
342,Słupca,Konin,1857,0,1746,סלופצה,נפת קונין
947,Ottynia,Tlumach,1931,1116,1728,אוטיניה,נפת טלומאץ'
454,Kamieńsk,powiat Piotrków Trybunalski,1857,563,1722,קאמינסק,נפת פיוטרקוב טריבונאלסקי
461,Koźminek,Kalisz,1897,473,1720,קוז'מינק,נפת קאליש
259,Lask,Lask,1793,1327,1718,לאסק,נפת לאסק
764,Żołynia,Lancut,1900,946,1711,ז'וֹלִינְיָה,נפת לאנצוט
1648,Wolbórz,Piotrków Trybunalski,1897,437,1705,וולבוז',נפת פיוטרקוב טריבונאלסקי
564,Szczerców,,1857,371,1687,שצ'רצוב,נפת לאסק
726,Wojnicz,Bochnia,1880,200,1683,ווֹינִיץ,בז'סקו
154,Drzewica,Oposzno,1921,1013,1662,דז'וויצה,נפת אופוצ'נו
423,Praszka,Wieluń,1827,541,1659,פראשקה,נפת ויילון
138,Grabów,powiat Łęczyca,1921,915,1658,גראבוב,נפת לנצ'יצה
729,Wojnicz,Bochnia,1910,171,1651,ווֹינִיץ,בז'סקו
1639,Brzeziny,,1808,413,1643,בז'ז'יני,נפת בז'ז'יני
94,Blaszki,Kalisz,1827,871,1636,בלאשקי,נפת קאליש
249,Tuszyn,Lodz,1857,589,1634,טושין,נפת לודז'
176,Widawa,Powiat Łask,1897,530,1632,וידאווה,נפת לאסק
1654,Rzgów,Lodz,1897,202,1631,ז'גוב,נפת לודז'
1367,Jabłonów,,1880,924,1629,יאבלונוב,נפת קולומיאה
525,Radoszyce,Koneckie,1827,476,1626,ראדושיצה,נפת קונסקיה
727,Wojnicz,Bochnia,1890,130,1622,ווֹינִיץ,בז'סקו
130,Głowno,powiat Brzeziny,1857,1237,1618,גלובנו,נפת בז'ז'יני
706,Dziedzice,Bielsko,1900,86,1618,דְּזִיידְזִיצֶה,ביילסקו
728,Wojnicz,Bochnia,1900,163,1614,ווֹינִיץ,בז'סקו
403,Piątek,Łęczyca,1857,805,1612,פיונטק,נפת לנצ'יצה
213,Żychlin,Powiat Kutno,1857,1062,1611,ז'יחלין,נפת קוטנו
749,Zator,,1900,436,1607,זאטור,נפת ואדוביצה
887,Limanowa,Limanowa,1890,571,1603,לימאַנוֹבָה,לימאנובה
1506,Narol,Lwów,1880,779,1603,נארול,"נפת לובאצ'וב, מחוז לבוב"
321,Sompolno,,1857,431,1601,סומפולנו,נפת קולו
600,Baligród,Lesko,1900,988,1600,בּאַלִיגְרוּד,נפת לסקו
1146,Dobromil,Dobrdomil,1860,850,1600,דוברומיל,נפת דובדומיל
20,Oviazd,,1897,816,1595,אויאזד,
744,Żabno,,1910,741,1591,ז'אבנו,נפת דומברובה
506,Kleczew,Kalisz,1827,802,1570,קְלֶצֶב,נפת קאליש
222,Złoczew,Sieradz District,1857,922,1566,זלוצ'ב,נפת שייראדז
1438,Lysiec,Stanislavov,1921,275,1560,לישייץ,סטאניסלאבוב
419,Pławno,Radomsko,1921,566,1556,פלאוונו,נפת ראדומסקו
1216,Wielkie Oczy,Yavoriv,1921,487,1550,ויילקיה אוצ'י,יאבורוב
111,Gorzkowice,Piotrków Trybunalski,1921,648,1548,גוז'קוביצה,נפת פיוטרקוב טריבונאלסקי
1583,Stanislawczyk,Brod,1880,795,1545,סטאניסלאוו קטן,נפת ברודי
33,Osiaków,,1921,759,1544,אושיאקוב,נפת ויילון
610,Bobowa,Grylice District,1900,749,1544,בובובה,נפת גורליצה
743,Żabno,,1900,730,1541,ז'אבנו,נפת דומברובה
289,Łęczyca,Powiat Łęczyca,1564,460,1529,לנצ'יצה,נפת לנצ'יצה
115,Gowarczów,powiat konecki,1897,681,1528,גובארצ'וב,נפת קונסקיה
402,Piątek,Łęczyca,1827,698,1516,פיונטק,נפת לנצ'יצה
1660,Koniecpol,Radomsko,1897,656,1514,קונייצפּוֹל,נפת ראדומסקו
866,Jordanów,Miśniech,1910,188,1511,יוֹרדָאנוב,נפת מישלניצה
116,Gowarczów,powiat konecki,1921,508,1508,גובארצ'וב,נפת קונסקיה
748,Zator,,1890,369,1507,זאטור,נפת ואדוביצה
102,Bełchatów,Piotrków Trybunalski,1857,1100,1506,בלחאטוב,נפת פיוטרקוב טריבונאלסקי
1590,Stara Sól,Sambor,1910,348,1506,סטארה סול,נפת סאמבור
1188,Hussaków,Mszczyska District,1900,629,1502,הוסאקוב,נפת מושצ'יסקה
1325,Touste,Skalat,1921,105,1498,טוֹאוּסטה,סקאלאט
1632,Uniejów,Nef Turck,1827,268,1496,אונייוב,נפת טורק
867,Jordanów,Miśniech,1921,238,1486,יוֹרדָאנוב,נפת מישלניצה
1206,Warez,Sokal,1900,964,1486,וארנז',נפת סוקאל
1310,Tartakow,Sokal,1921,1139,1486,טארטאקוב,נפת סוקאל
387,Poddębice,Leczyca,1827,267,1477,פּוֹדדֶמביצה,נפת לנצ'יצה
1610,Stryj,Stryi,1672,70,1477,סטריא,נפת סטרי
37,Izbica Kujawska,Kalisz,1827,681,1474,איזביצה קויאווסקה,נפת קאליש
1658,Koniecpol,Radomsko,1827,444,1469,קונייצפּוֹל,נפת ראדומסקו
327,Stawiszyn,Kalish,1827,258,1467,סטאווישין,נפת קאליש
1027,Buczacz,Powiat Buczacz,1812,1464,1464,בוצ'אץ,נפת בוצ'אץ
276,Lututów,Wieluń,1897,829,1445,לוטוטוב,נפת ויילון
824,Tyrawa Wołoska,Sanok,1921,299,1444,טירַאוָוה ווֹלוֹסְקָה,נפת סאנוק
611,Bobowa,Grylice District,1921,565,1442,בובובה,נפת גורליצה
1309,Tartakow,Sokal,1900,976,1442,טארטאקוב,נפת סוקאל
328,Stawiszyn,Kalish,1857,344,1440,סטאווישין,נפת קאליש
418,Pławno,Radomsko,1897,752,1436,פלאוונו,נפת ראדומסקו
368,Pabianice,Lask,1827,90,1433,פאביאניצה,לאסק
1589,Stara Sól,Sambor,1900,340,1430,סטארה סול,נפת סאמבור
89,Biała Rawska,,1857,1028,1426,ביאלה ראווסקה,נפת ראווה מאזובייצקה
1647,Wolbórz,Piotrków Trybunalski,1857,270,1425,וולבוז',נפת פיוטרקוב טריבונאלסקי
189,Wieruszów,,1808,224,1420,ויירושוב,נפת ויילון
742,Żabno,,1890,696,1420,ז'אבנו,נפת דומברובה
682,Dubiecko,Przemyśl,1880,666,1416,דובעצק,נפת פשמישל
886,Limanowa,Limanowa,1880,418,1408,לימאַנוֹבָה,לימאנובה
633,Brzostek,Jasło,1910,514,1397,בְּזוֹסְטֶק,יאסלו
142,Grocholice,Piotrków Trybunalski,1857,151,1382,גרוחוליה,פיוטרקוב טריבונאלסקי
153,Drzewica,Oposzno,1897,855,1361,דז'וויצה,נפת אופוצ'נו
77,Boleslawiec,Wieluń,1897,407,1348,בוֹלֶסלאווייץ,נפת ויילון
1587,Stara Sól,Sambor,1880,416,1347,סטארה סול,נפת סאמבור
865,Jordanów,Miśniech,1900,158,1345,יוֹרדָאנוב,נפת מישלניצה
1588,Stara Sól,Sambor,1890,378,1343,סטארה סול,נפת סאמבור
158,Działoszyn,Wieluń,1808,842,1339,דז'יאלושין,ויילון
3,Odrzywoł,Opućno,1921,389,1336,אודז'יבול,נפת אופוצ'נו
8,Odrzywół,Opoczno,1921,389,1336,אודז'יבול,אופוצ'נו
1187,Hussaków,Mszczyska District,1880,564,1336,הוסאקוב,נפת מושצ'יסקה
1205,Warez,Sokal,1880,880,1336,וארנז',נפת סוקאל
632,Brzostek,Jasło,1900,508,1335,בְּזוֹסְטֶק,יאסלו
49,Inowłódź,,1921,408,1332,אינובלודז',ראווה מאזובייצקה
340,Słupca,Konin,1808,12,1327,סלופצה,נפת קונין
740,Żabno,,1845,210,1325,ז'אבנו,נפת דומברובה
174,Widawa,Powiat Łask,1827,632,1324,וידאווה,נפת לאסק
1570,Stanisławów,Stanisławów,1732,1470,1321,סטאניסלאבוב,נפת סטאניסלאבוב
829,Trzebinia,,1921,915,1317,טשעביניָה,נפת חשאנוב
1452,Mariampol,Stanislavov District,1880,663,1316,מאריאמפול,"נפת סטאניסלאבוב, מחוז סטאניסלאבוב"
563,Szczerców,,1827,186,1306,שצ'רצוב,נפת לאסק
741,Żabno,,1880,667,1306,ז'אבנו,נפת דומברובה
634,Brzostek,Jasło,1921,479,1303,בְּזוֹסְטֶק,יאסלו
83,Brzeźnica,Radomsko,1857,299,1298,בז'ז'ניצה,נפת ראדומסקו
157,Działoszyn,Wieluń,1793,846,1294,דז'יאלושין,ויילון
1086,Bircza,Powiat Drohobych,1880,446,1294,בירצ'ה,נפת דוברומיל
1026,Buczacz,Powiat Buczacz,1765,1286,1286,בוצ'אץ,נפת בוצ'אץ
1226,Zawałów,,1890,396,1285,זאוואלוב,נפת פודהאיצה
630,Brzostek,Jasło,1880,393,1284,בְּזוֹסְטֶק,יאסלו
120,Golina,Konin,1857,614,1279,גולינה,נפת קונין
212,Żychlin,Powiat Kutno,1827,782,1277,ז'יחלין,נפת קוטנו
1646,Wolbórz,Piotrków Trybunalski,1827,112,1276,וולבוז',נפת פיוטרקוב טריבונאלסקי
114,Gowarczów,powiat konecki,1857,644,1266,גובארצ'וב,נפת קונסקיה
864,Jordanów,Miśniech,1890,104,1262,יוֹרדָאנוב,נפת מישלניצה
601,Baligród,Lesko,1921,515,1260,בּאַלִיגְרוּד,נפת לסקו
314,Sulejów,Silew,1857,346,1256,סולייוב,סילעוו
382,Pajęczno,Radomsko,1827,173,1252,פאיינצ'נו,נפת ראדומסקו
758,Zakliczyn,Biecz,1900,240,1252,זַאקְלִיצִ'ין,בז'סקו
334,Stryków,Łódź,1808,868,1248,סטריקוב,נפת לודז'
313,Sulejów,Silew,1827,355,1242,סולייוב,סילעוו
557,Slesin,Konin,1884,270,1242,שלשין,נפת קונין
281,Lutomiersk,Łask,1808,657,1239,לוטוֹמיירסק,נפת לאסק
631,Brzostek,Jasło,1890,406,1239,בְּזוֹסְטֶק,יאסלו
863,Jordanów,Miśniech,1880,80,1236,יוֹרדָאנוב,נפת מישלניצה
548,Sieradz,,1793,70,1234,שייראדז,נפת שייראדז
32,Osiaków,,1897,552,1233,אושיאקוב,נפת ויילון
417,Pławno,Radomsko,1857,755,1230,פלאוונו,נפת ראדומסקו
757,Zakliczyn,Biecz,1880,136,1230,זַאקְלִיצִ'ין,בז'סקו
745,Żabno,,1921,361,1228,ז'אבנו,נפת דומברובה
747,Zator,,1880,272,1218,זאטור,נפת ואדוביצה
516,Krośniewice,Kotno,1857,717,1206,קרוֹשנייוויצה,נפת קוטנו
460,Koźminek,Kalisz,1857,213,1200,קוז'מינק,נפת קאליש
378,Parzęczew,powiat Łęczyca,1857,545,1180,פאזינציב,נפת לנצ'יצה
255,Jeżów,powiat Brzeziny,1857,308,1172,ייז'וב,נפת בז'ז'יני
48,Inowłódź,,1897,324,1170,אינובלודז',ראווה מאזובייצקה
1591,Stara Sól,Sambor,1921,211,1170,סטארה סול,נפת סאמבור
181,Wieluń,Wieluń,1808,70,1169,ויילון,נפת ויילון
759,Zakliczyn,Biecz,1921,295,1167,זַאקְלִיצִ'ין,בז'סקו
828,Trzebinia,,1900,824,1167,טשעביניָה,נפת חשאנוב
70,Bolimów,Powiat Łowicz,1857,339,1162,בולימוב,נפת לוביץ'
71,Bolimów,Powiat Łowicz,1921,259,1160,בולימוב,נפת לוביץ'
1585,Stanislawczyk,Brod,1921,165,1153,סטאניסלאוו קטן,נפת ברודי
822,Tyrawa Wołoska,Sanok,1880,251,1152,טירַאוָוה ווֹלוֹסְקָה,נפת סאנוק
65,Burzenin,Sieradz,1921,228,1145,בוז'נין,נפת שייראדז
505,Kleczew,Kalisz,1808,496,1140,קְלֶצֶב,נפת קאליש
326,Stawiszyn,Kalish,1808,193,1137,סטאווישין,נפת קאליש
1433,Lipsko,Powiat Lubaczów,1900,469,1125,ליפסקו,נפת לובאצ'וב
64,Burzenin,Sieradz,1884,329,1114,בוז'נין,נפת שייראדז
519,Radomsko,,1808,0,1108,ראדומסקו,נובו ראדומסקו
599,Baligród,Lesko,1880,564,1108,בּאַלִיגְרוּד,נפת לסקו
459,Koźminek,Kalisz,1827,147,1100,קוז'מינק,נפת קאליש
235,Tuliszków,Konin,1857,83,1099,טולישקוב,נפת קונין
1434,Lipsko,Powiat Lubaczów,1921,248,1099,ליפסקו,נפת לובאצ'וב
1612,Stryj,Stryi,1795,453,1094,סטריא,נפת סטרי
248,Tuszyn,Lodz,1827,305,1093,טושין,נפת לודז'
1308,Tartakow,Sokal,1880,770,1091,טארטאקוב,נפת סוקאל
1653,Rzgów,Lodz,1857,122,1091,ז'גוב,נפת לודז'
705,Dziedzice,Bielsko,1890,51,1088,דְּזִיידְזִיצֶה,ביילסקו
545,Rozprza,Piotrków Trybunalski,1921,546,1087,רוזפשה,נפת פיוטרקוב טריבונאלסקי
280,Lutomiersk,Łask,1793,566,1085,לוטוֹמיירסק,נפת לאסק
1502,Nawaria,Lviv,1921,340,1084,נאוואריה,נפת לבוב
377,Parzęczew,powiat Łęczyca,1827,339,1074,פאזינציב,נפת לנצ'יצה
198,Żarnów,,1868,524,1073,ז'ארנוב,נפת אופוצינו
562,Szczerców,,1820,149,1064,שצ'רצוב,נפת לאסק
19,Oviazd,,1857,543,1055,אויאזד,
137,Grabów,powiat Łęczyca,1897,640,1054,גראבוב,נפת לנצ'יצה
221,Złoczew,Sieradz District,1827,534,1053,זלוצ'ב,נפת שייראדז
761,Zarszyn,Sanok,1900,171,1052,זַארְשִׁין,נפת סאנוק
823,Tyrawa Wołoska,Sanok,1900,415,1052,טירַאוָוה ווֹלוֹסְקָה,נפת סאנוק
836,Jawornik Polski,Zheshuv,1900,62,1050,יָאבוֹרְנִיק פּוֹלְסְקי,ז'שוב
113,Gowarczów,powiat konecki,1827,457,1049,גובארצ'וב,נפת קונסקיה
351,Skierniewice,Skierniewice,1808,73,1049,סקיירנייוויצה,נפת סקיירנייוויצה
300,Nowe Miasto,powiat Rawski Mazowiecki,1808,513,1043,נובה מיאסטו,נפת ראווה מאזובייצקה
401,Piątek,Łęczyca,1808,400,1042,פיונטק,נפת לנצ'יצה
119,Golina,Konin,1827,444,1041,גולינה,נפת קונין
556,Slesin,Konin,1857,232,1035,שלשין,נפת קונין
2,Odrzywoł,Opućno,1897,342,1033,אודז'יבול,נפת אופוצ'נו
7,Odrzywół,Opoczno,1897,342,1033,אודז'יבול,אופוצ'נו
129,Głowno,powiat Brzeziny,1827,784,1023,גלובנו,נפת בז'ז'יני
875,Lubliniec,Lubliniec,1787,81,1016,לוּבְּלִינֶייץ,לובלינייץ
733,Wielopole Skrzyńskie,Ropczyce,1921,550,1005,ויילוֹפּוֹלֶה סְקְשִׁינְסְקִיה,רופצ'יצה
1501,Nawaria,Lviv,1900,355,996,נאוואריה,נפת לבוב
76,Boleslawiec,Wieluń,1857,298,991,בוֹלֶסלאווייץ,נפת ויילון
620,Bukowsko,Sanok,1900,748,991,בּוּקוֹבְסְקוֹ,נפת סאנוק
837,Jawornik Polski,Zheshuv,1921,155,991,יָאבוֹרְנִיק פּוֹלְסְקי,ז'שוב
1568,Schodnica,Drohobych district,1880,122,988,סחודניצה,נפת דרוהוביץ'
1227,Zawałów,,1921,137,987,זאוואלוב,נפת פודהאיצה
1336,Tyśmienica,,1765,880,980,טישמייניצה,נפת טלומאץ'
1402,Jaryczów Nowy,Lviv,1931,976,976,יאריצ'וב נובי,נפת לבוב
762,Zarszyn,Sanok,1921,181,975,זַארְשִׁין,נפת סאנוק
1189,Hussaków,Mszczyska District,1921,249,973,הוסאקוב,נפת מושצ'יסקה
588,Osiek,Jasło,1880,232,965,אושייק,יאסלו
760,Zarszyn,Sanok,1880,128,959,זַארְשִׁין,נפת סאנוק
82,Brzeźnica,Radomsko,1827,172,958,בז'ז'ניצה,נפת ראדומסקו
1207,Warez,Sokal,1921,520,955,וארנז',נפת סוקאל
765,Żołynia,Lancut,1921,569,954,ז'וֹלִינְיָה,נפת לאנצוט
164,Warta,,1793,389,951,וארטה,נפת שייראדז
1652,Rzgów,Lodz,1827,65,949,ז'גוב,נפת לודז'
125,Gielniów,,1921,171,947,גיילניוב,נפת אופוצ'נו
731,Wielopole Skrzyńskie,Ropczyce,1880,446,945,ויילוֹפּוֹלֶה סְקְשִׁינְסְקִיה,רופצ'יצה
732,Wielopole Skrzyńskie,Ropczyce,1900,535,945,ויילוֹפּוֹלֶה סְקְשִׁינְסְקִיה,רופצ'יצה
498,Kłodawa,Kolo,1808,221,940,קלודאווה,נפת קולו
1454,Mariampol,Stanislavov District,1921,241,940,מאריאמפול,"נפת סטאניסלאבוב, מחוז סטאניסלאבוב"
1432,Lipsko,Powiat Lubaczów,1880,446,939,ליפסקו,נפת לובאצ'וב
1421,Lubycza Królewska,,1900,821,938,לוביצ'ה קרולבסקה,נפת ראווה רוסקה
855,Jaśliska,Sanok,1900,293,936,יאשליסקה,סאנוק
69,Bolimów,Powiat Łowicz,1827,223,927,בולימוב,נפת לוביץ'
234,Tuliszków,Konin,1827,51,926,טולישקוב,נפת קונין
47,Inowłódź,,1857,277,925,אינובלודז',ראווה מאזובייצקה
143,Grocholice,Piotrków Trybunalski,1921,51,921,גרוחוליה,פיוטרקוב טריבונאלסקי
136,Grabów,powiat Łęczyca,1857,514,918,גראבוב,נפת לנצ'יצה
1509,Nowe Miasto,Dobrómil,1880,356,916,נובה מיאסטו,נפת דוברומיל
145,Dobra,Turk,1808,507,908,דוברה,נפת טורק
180,Wieluń,Wieluń,1793,4,907,ויילון,נפת ויילון
197,Żarnów,,1857,390,907,ז'ארנוב,נפת אופוצינו
854,Jaśliska,Sanok,1880,201,906,יאשליסקה,סאנוק
856,Jaśliska,Sanok,1921,224,896,יאשליסקה,סאנוק
835,Jawornik Polski,Zheshuv,1880,89,894,יָאבוֹרְנִיק פּוֹלְסְקי,ז'שוב
1651,Rzgów,Lodz,1808,94,893,ז'גוב,נפת לודז'
1500,Nawaria,Lviv,1880,374,888,נאוואריה,נפת לבוב
589,Osiek,Jasło,1900,247,882,אושייק,יאסלו
349,Skulsk,Konin,1921,228,880,סקולסק,קונין
827,Trzebinia,,1880,634,879,טשעביניָה,נפת חשאנוב
1510,Nowe Miasto,Dobrómil,1900,314,874,נובה מיאסטו,נפת דוברומיל
118,Golina,Konin,1808,227,871,גולינה,נפת קונין
88,Biała Rawska,,1827,529,869,ביאלה ראווסקה,נפת ראווה מאזובייצקה
914,Mysłowice,Katowice,1779,78,866,מיסלובויצה,נפת קאטוביצה
915,Mysłowice,Katowice,1823,196,866,מיסלובויצה,נפת קאטוביצה
916,Mysłowice,Katowice,1831,225,866,מיסלובויצה,נפת קאטוביצה
917,Mysłowice,Katowice,1865,826,866,מיסלובויצה,נפת קאטוביצה
555,Slesin,Konin,1827,158,857,שלשין,נפת קונין
619,Bukowsko,Sanok,1880,480,854,בּוּקוֹבְסְקוֹ,נפת סאנוק
367,Pabianice,Lask,1808,27,844,פאביאניצה,לאסק
381,Pajęczno,Radomsko,1808,91,843,פאיינצ'נו,נפת ראדומסקו
75,Boleslawiec,Wieluń,1827,157,839,בוֹלֶסלאווייץ,נפת ויילון
81,Brzeźnica,Radomsko,1808,32,831,בז'ז'ניצה,נפת ראדומסקו
1638,Brzeziny,,1793,162,829,בז'ז'יני,נפת בז'ז'יני
458,Koźminek,Kalisz,1808,135,828,קוז'מינק,נפת קאליש
311,Sobota,Łowicz,1921,135,822,סובוטה,נפת לוביץ'
590,Osiek,Jasło,1921,213,813,אושייק,יאסלו
18,Oviazd,,1827,347,812,אויאזד,
58,Babiak,,1921,237,812,באביאק,נפת קולו
59,Babiak,,1939,240,812,באביאק,נפת קולו
379,Parzęczew,powiat Łęczyca,1921,174,808,פאזינציב,נפת לנצ'יצה
1343,Tłumacz,,1765,372,805,טלומאץ',נפת טלומאץ'
1645,Wolbórz,Piotrków Trybunalski,1808,39,805,וולבוז',נפת פיוטרקוב טריבונאלסקי
1607,Stratyn,Rohatyn,1880,593,804,סטראטין,נפת רוהאטין
211,Żychlin,Powiat Kutno,1808,457,801,ז'יחלין,נפת קוטנו
36,Izbica Kujawska,Kalisz,1808,296,800,איזביצה קויאווסקה,נפת קאליש
1511,Nowe Miasto,Dobrómil,1921,259,794,נובה מיאסטו,נפת דוברומיל
141,Grocholice,Piotrków Trybunalski,1827,61,792,גרוחוליה,פיוטרקוב טריבונאלסקי
254,Jeżów,powiat Brzeziny,1827,61,788,ייז'וב,נפת בז'ז'יני
859,Jedlicze,Krosno,1921,148,782,יֶדְלִיצֶ'ה,קרוסנו
709,Dynów,,1563,41,780,דינוב,נפת בז'וזוב
319,Sompolno,,1808,54,777,סומפולנו,נפת קולו
63,Burzenin,Sieradz,1857,241,775,בוז'נין,נפת שייראדז
421,Praszka,Wieluń,1793,281,774,פראשקה,נפת ויילון
46,Inowłódź,,1827,229,771,אינובלודז',ראווה מאזובייצקה
239,Turek,Powiat Turek,1808,33,764,טורֶק,נפת טורק
107,Będków,,1827,67,749,בנדקוב,נפת בז'ז'יני
453,Kamieńsk,powiat Piotrków Trybunalski,1827,268,749,קאמינסק,נפת פיוטרקוב טריבונאלסקי
1319,Tarnoruda,Skalat,1880,320,744,טארנורודה,סקאלאט
348,Skulsk,Konin,1897,185,738,סקולסק,קונין
101,Bełchatów,Piotrków Trybunalski,1827,262,729,בלחאטוב,נפת פיוטרקוב טריבונאלסקי
196,Żarnów,,1827,232,726,ז'ארנוב,נפת אופוצינו
416,Pławno,Radomsko,1827,273,726,פלאוונו,נפת ראדומסקו
621,Bukowsko,Sanok,1921,494,726,בּוּקוֹבְסְקוֹ,נפת סאנוק
1422,Lubycza Królewska,,1921,629,710,לוביצ'ה קרולבסקה,נפת ראווה רוסקה
34,Osiaków,,1939,700,700,אושיאקוב,נפת ויילון
1564,Sokołów,Napt Stryi,1921,237,698,סוקולוב,נפת סטרי
109,Będków,,1921,228,696,בנדקוב,נפת בז'ז'יני
247,Tuszyn,Lodz,1808,27,696,טושין,נפת לודז'
309,Sobota,Łowicz,1857,279,695,סובוטה,נפת לוביץ'
1608,Stratyn,Rohatyn,1900,413,694,סטראטין,נפת רוהאטין
1320,Tarnoruda,Skalat,1900,249,692,טארנורודה,סקאלאט
74,Boleslawiec,Wieluń,1808,57,687,בוֹלֶסלאווייץ,נפת ויילון
1563,Sokołów,Napt Stryi,1900,299,676,סוקולוב,נפת סטרי
310,Sobota,Łowicz,1897,325,669,סובוטה,נפת לוביץ'
363,Srocko,Piotrków Trybunalski,1827,10,667,סרוצקו,נפת פיוטרקוב טריבונאלסקי
173,Widawa,Powiat Łask,1808,137,665,וידאווה,נפת לאסק
135,Grabów,powiat Łęczyca,1827,348,656,גראבוב,נפת לנצ'יצה
1420,Lubycza Królewska,,1880,543,654,לוביצ'ה קרולבסקה,נפת ראווה רוסקה
124,Gielniów,,1857,124,645,גיילניוב,נפת אופוצ'נו
361,Skrzynno,,1921,191,641,סקשיננו,נפת אופוצ'נו
422,Praszka,Wieluń,1808,132,638,פראשקה,נפת ויילון
68,Bolimów,Powiat Łowicz,1808,123,636,בולימוב,נפת לוביץ'
308,Sobota,Łowicz,1827,202,631,סובוטה,נפת לוביץ'
1,Odrzywoł,Opućno,1857,88,628,אודז'יבול,נפת אופוצ'נו
6,Odrzywół,Opoczno,1857,88,628,אודז'יבול,אופוצ'נו
1562,Sokołów,Napt Stryi,1880,299,619,סוקולוב,נפת סטרי
1584,Stanislawczyk,Brod,1900,446,618,סטאניסלאוו קטן,נפת ברודי
1396,Jaryczów Nowy,Lviv,1765,613,613,יאריצ'וב נובי,נפת לבוב
233,Tuliszków,Konin,1808,16,604,טולישקוב,נפת קונין
108,Będków,,1857,248,602,בנדקוב,נפת בז'ז'יני
123,Gielniów,,1827,60,594,גיילניוב,נפת אופוצ'נו
253,Jeżów,powiat Brzeziny,1808,27,586,ייז'וב,נפת בז'ז'יני
128,Głowno,powiat Brzeziny,1808,398,575,גלובנו,נפת בז'ז'יני
366,Pabianice,Lask,1793,15,572,פאביאניצה,לאסק
1321,Tarnoruda,Skalat,1921,148,571,טארנורודה,סקאלאט
858,Jedlicze,Krosno,1900,125,565,יֶדְלִיצֶ'ה,קרוסנו
152,Drzewica,Oposzno,1857,257,555,דז'וויצה,נפת אופוצ'נו
358,Skrzynno,,1827,112,552,סקשיננו,נפת אופוצ'נו
56,Babiak,,1827,192,544,באביאק,נפת קולו
360,Skrzynno,,1897,191,544,סקשיננו,נפת אופוצ'נו
362,Skrzynno,,1939,100,544,סקשיננו,נפת אופוצ'נו
312,Sulejów,Silew,1808,91,537,סולייוב,סילעוו
1631,Uniejów,Nef Turck,1808,80,530,אונייוב,נפת טורק
62,Burzenin,Sieradz,1827,130,528,בוז'נין,נפת שייראדז
434,Przysucha,Opočno,1764,528,528,פשיסחא,נפת אופוצ'נו
57,Babiak,,1857,240,521,באביאק,נפת קולו
93,Blaszki,Kalisz,1808,259,519,בלאשקי,נפת קאליש
514,Krośniewice,Kotno,1808,236,514,קרוֹשנייוויצה,נפת קוטנו
561,Szczerców,,1808,88,513,שצ'רצוב,נפת לאסק
17,Oviazd,,1808,172,509,אויאזד,
452,Kamieńsk,powiat Piotrków Trybunalski,1808,88,501,קאמינסק,נפת פיוטרקוב טריבונאלסקי
1067,Brzeżany,Nפת Brzeżany,1670,100,500,בז'ז'אני,נפת בז'ז'אני
60,Burzenin,Sieradz,1793,10,490,בוז'נין,נפת שייראדז
87,Biała Rawska,,1808,299,477,ביאלה ראווסקה,נפת ראווה מאזובייצקה
554,Slesin,Konin,1807,130,475,שלשין,נפת קונין
826,Trzebinia,,1787,81,457,טשעביניָה,נפת חשאנוב
407,Pyzdry,,1764,454,454,פייזער,נפת קונין
542,Rozprza,Piotrków Trybunalski,1827,213,448,רוזפשה,נפת פיוטרקוב טריבונאלסקי
347,Skulsk,Konin,1857,171,441,סקולסק,קונין
275,Lututów,Wieluń,1857,135,440,לוטוטוב,נפת ויילון
278,Lututów,Wieluń,1939,1600,440,לוטוטוב,נפת ויילון
414,Pławno,Radomsko,1793,101,431,פלאוונו,נפת ראדומסקו
346,Skulsk,Konin,1827,204,430,סקולסק,קונין
515,Krośniewice,Kotno,1827,250,430,קרוֹשנייוויצה,נפת קוטנו
543,Rozprza,Piotrków Trybunalski,1857,246,423,רוזפשה,נפת פיוטרקוב טריבונאלסקי
359,Skrzynno,,1857,101,415,סקשיננו,נפת אופוצ'נו
246,Tuszyn,Lodz,1793,70,411,טושין,נפת לודז'
345,Skulsk,Konin,1808,176,410,סקולסק,קונין
376,Parzęczew,powiat Łęczyca,1808,174,403,פאזינציב,נפת לנצ'יצה
0,Odrzywoł,Opućno,1827,20,402,אודז'יבול,נפת אופוצ'נו
5,Odrzywół,Opoczno,1827,20,402,אודז'יבול,אופוצ'נו
151,Drzewica,Oposzno,1827,118,397,דז'וויצה,נפת אופוצ'נו
857,Jedlicze,Krosno,1880,64,389,יֶדְלִיצֶ'ה,קרוסנו
45,Inowłódź,,1808,80,380,אינובלודז',ראווה מאזובייצקה
16,Ujazd,n. Bezhizhini,1793,125,376,אויאזד,נפת בז'ז'יני
1609,Stratyn,Rohatyn,1921,155,373,סטראטין,נפת רוהאטין
106,Będków,,1808,0,364,בנדקוב,נפת בז'ז'יני
61,Burzenin,Sieradz,1808,58,363,בוז'נין,נפת שייראדז
134,Grabów,powiat Łęczyca,1808,118,358,גראבוב,נפת לנצ'יצה
67,Bolimów,Powiat Łowicz,1793,33,347,בולימוב,נפת לוביץ'
981,Barysz,Buchach District,1931,339,339,באריש,נפת בוצ'אץ'
997,Bohorodczany,Stanislavov District,1765,646,337,בוהורודצ'אני,נפת סטאניסלאבוב
1003,Bohorodczany,Stanislavov District,1931,900,337,בוהורודצ'אני,נפת סטאניסלאבוב
540,Rozprza,Piotrków Trybunalski,1793,134,335,רוזפשה,נפת פיוטרקוב טריבונאלסקי
415,Pławno,Radomsko,1808,157,329,פלאוונו,נפת ראדומסקו
127,Głowno,powiat Brzeziny,1793,198,321,גלובנו,נפת בז'ז'יני
220,Złoczew,Sieradz District,1808,135,305,זלוצ'ב,נפת שייראדז
451,Kamieńsk,powiat Piotrków Trybunalski,1793,74,303,קאמינסק,נפת פיוטרקוב טריבונאלסקי
1056,Borszczów,,1765,301,301,בורשצ'וב,נפת בורשצ'וב
307,Sobota,Łowicz,1808,123,295,סובוטה,נפת לוביץ'
1377,Jazłowiec,Buчач,1743,43,290,יאזלוביץ,נפת בוצ'אץ'
140,Grocholice,Piotrków Trybunalski,1808,26,284,גרוחוליה,פיוטרקוב טריבונאלסקי
513,Krośniewice,Kotno,1793,96,276,קרוֹשנייוויצה,נפת קוטנו
541,Rozprza,Piotrków Trybunalski,1808,86,252,רוזפשה,נפת פיוטרקוב טריבונאלסקי
1541,Suchostaw,Kopychyntsi,1765,57,218,סוחוסטאב,קופיצ'ינצה
1598,Stojanów,Rdziejów,1565,0,186,סטויאנוב,רדז'ייחוב
975,Barysz,Buchach District,1765,66,174,באריש,נפת בוצ'אץ'
100,Bełchatów,Piotrków Trybunalski,1808,17,155,בלחאטוב,נפת פיוטרקוב טריבונאלסקי
306,Sobota,Łowicz,1793,56,146,סובוטה,נפת לוביץ'
73,Boleslawiec,Wieluń,1765,90,123,בוֹלֶסלאווייץ,נפת ויילון
79,Boleslawiec,Wieluń,1939,504,123,בוֹלֶסלאווייץ,נפת ויילון
110,Gorzkowice,Piotrków Trybunalski,1897,273,123,גוז'קוביצה,נפת פיוטרקוב טריבונאלסקי
112,Gorzkowice,Piotrków Trybunalski,1939,650,123,גוז'קוביצה,נפת פיוטרקוב טריבונאלסקי
440,Kalisz,,1629,205,123,קאליש,נפת קאליש
441,Kalisz,,1764,861,123,קאליש,נפת קאליש
449,Kalisz,,1939,25000,123,קאליש,נפת קאליש
1241,Zbaraż,Nפת זבאראז',1765,910,123,זבאראז',נפת זבאראז'
1247,Zbaraż,Nפת זבאראז',1931,2870,123,זבאראז',נפת זבאראז'
1451,Mariampol,Stanislavov District,1765,188,123,מאריאמפול,"נפת סטאניסלאבוב, מחוז סטאניסלאבוב"
1456,Medenice,Drohobych,1931,180,123,מדניצה,נפת דרוהוביץ
1547,Sądowa Wisznia,,1765,120,123,סונדובה וישניה,נפת מושצ'יסקה
1553,Sądowa Wisznia,,1931,900,123,סונדובה וישניה,נפת מושצ'יסקה
31,Osiaków,,1764,41,41,אושיאקוב,נפת ויילון
202,Zduńska Wola,Sieradz,1788,11,28,זדונסקה וולה,נפת שייראדז
252,Jeżów,powiat Brzeziny,1793,5,27,ייז'וב,נפת בז'ז'יני
1329,Turka,Turka,1730,25,25,טורקה,נפת טורקה
1335,Turka,Turka,1931,4117,25,טורקה,נפת טורקה
1395,Jaryczów Nowy,Lviv,1577,25,25,יאריצ'וב נובי,נפת לבוב
1554,Sokal,,1570,24,24,סוקאל,נפת סוקאל
1555,Sokal,,1765,1390,24,סוקאל,נפת סוקאל
1561,Sokal,,1931,5220,24,סוקאל,נפת סוקאל
1439,Lesko,Lesko,1580,18,18,לסקו,נפת לסקו
1025,Buczacz,Powiat Buczacz,1552,14,14,בוצ'אץ,נפת בוצ'אץ
1370,Jagielnica,Chortkov,1765,347,9.99,יאגיילניצה,נפת צ'ורטקוב
1171,Drohobycz,Drohobycz,1812,2492,8.055,דרוהוביץ,דרוהוביץ
880,Leżajsk,Łańcut,1765,909,5.063,ליז'נסק,נפת לאנצוט
1527,Sambor,Sambor,1765,600,4.427,סאמבור,סאמבור
1533,Sambor,Sambor,1931,6275,4.427,סאמבור,סאמבור
1463,Mosty Wielkie,Zhovkva,1765,300,3.809,מוֹסטי ויילקיה,נפת ז'ולקייב
715,Dębica,Powiat Ropczyce,1765,573,3.256,דֶמְבִּיצָה,נפת רופצ'יצה
72,Bolimów,Powiat Łowicz,1939,235,3,בולימוב,נפת לוביץ'
1048,Bursztyn,Rohatyn,1765,582,3,בורשטין,נפת רוהאטין
1049,Bursztyn,Rohatyn,1813,413,3,בורשטין,נפת רוהאטין
1055,Bursztyn,Rohatyn,1931,1802,3,בורשטין,נפת רוהאטין
1179,Halicz,Stanislavov,1765,258,3,האליץ',נפת סטאניסלאבוב
1186,Halicz,Stanislavov,1931,878,3,האליץ',נפת סטאניסלאבוב
1353,Tłuste,Zaleszczyki,1931,1700,3,טלוסטה,נפת זאלשצ'יקי
1170,Drohobycz,Drohobycz,1663,75,2.492,דרוהוביץ,דרוהוביץ
967,Uście Zielone,Buczacz,1765,280,2.405,אושצ'יה ז'יילוֹנה,נפת בוצ'אץ'
539,Rozprza,Piotrków Trybunalski,1764,78,2,רוזפשה,נפת פיוטרקוב טריבונאלסקי
544,Rozprza,Piotrków Trybunalski,1917,930,2,רוזפשה,נפת פיוטרקוב טריבונאלסקי
546,Rozprza,Piotrków Trybunalski,1939,466,2,רוזפשה,נפת פיוטרקוב טריבונאלסקי
699,Dukla,Krosno,1765,574,2,דוּקְלָה,קרוסנו
957,Olesko,Złoczów,1931,600,2,אולסקו,נפת זלוצ'וב
982,Bóbrka,Bóbrka district,1765,713,2,בוברקה,נפת בוברקה
989,Bóbrka,Bóbrka district,1931,1833,2,בוברקה,נפת בוברקה
990,Budzanów,Buzanów,1765,385,2,בודזאנוב,ביזינעוו
996,Budzanów,Buzanów,1931,1213,2,בודזאנוב,ביזינעוו
1435,Lysiec,Stanislavov,1765,126,2,לישייץ,סטאניסלאבוב
1526,Niemirów,Powiat Raw Ruska,1931,1510,2,ניימירוב,נפת ראווה־רוסקה
1624,Strzeliska Nowe,Bobrka,1931,1066,2,סצ'ליסקה נובה,נפת בוברקה
50,Inowłódź,,1939,518,1.9,אינובלודז',ראווה מאזובייצקה
155,Drzewica,Oposzno,1939,750,1.9,דז'וויצה,נפת אופוצ'נו
186,Wieluń,Wieluń,1939,4200,1.9,ויילון,נפת ויילון
305,Nowe Miasto,powiat Rawski Mazowiecki,1939,1300,1.9,נובה מיאסטו,נפת ראווה מאזובייצקה
386,Pajęczno,Radomsko,1939,800,1.9,פאיינצ'נו,נפת ראדומסקו
412,Pyzdry,,1939,500,1.9,פייזער,נפת קונין
427,Praszka,Wieluń,1939,1000,1.9,פראשקה,נפת ויילון
209,Zduńska Wola,Sieradz,1939,9400,1.5,זדונסקה וולה,נפת שייראדז
1469,Mosty Wielkie,Zhovkva,1931,1266,1.266,מוֹסטי ויילקיה,נפת ז'ולקייב
22,Oviazd,,1939,800,1.23,אויאזד,
55,Aleksandrów,,1939,3500,1.23,אלכסנדרוב,נפת לודז'
92,Blaszki,Kalisz,1765,247,1.23,בלאשקי,נפת קאליש
98,Blaszki,Kalisz,1939,2100,1.23,בלאשקי,נפת קאליש
117,Gowarczów,powiat konecki,1939,450,1.23,גובארצ'וב,נפת קונסקיה
219,Złoczew,Sieradz District,1764,84,1.23,זלוצ'ב,נפת שייראדז
225,Złoczew,Sieradz District,1939,1879,1.23,זלוצ'ב,נפת שייראדז
286,Lyszkowice,Lubicz,1883,434,1.23,לישקוביצה,נפת לוביץ'
287,Lyszkowice,Lubicz,1897,373,1.23,לישקוביצה,נפת לוביץ'
332,Stryków,Łódź,1765,488,1.23,סטריקוב,נפת לודז'
333,Stryków,Łódź,1794,756,1.23,סטריקוב,נפת לודז'
339,Stryków,Łódź,1939,2000,1.23,סטריקוב,נפת לודז'
350,Skulsk,Konin,1939,210,1.23,סקולסק,קונין
364,Srocko,Piotrków Trybunalski,1921,72,1.23,סרוצקו,נפת פיוטרקוב טריבונאלסקי
365,Srocko,Piotrków Trybunalski,1939,119,1.23,סרוצקו,נפת פיוטרקוב טריבונאלסקי
413,Pławno,Radomsko,1764,22,1.23,פלאוונו,נפת ראדומסקו
420,Pławno,Radomsko,1939,400,1.23,פלאוונו,נפת ראדומסקו
450,Kamieńsk,powiat Piotrków Trybunalski,1764,25,1.23,קאמינסק,נפת פיוטרקוב טריבונאלסקי
457,Kamieńsk,powiat Piotrków Trybunalski,1939,834,1.23,קאמינסק,נפת פיוטרקוב טריבונאלסקי
463,Kutno,,1765,928,1.23,קוטנו,נפת קוטנו
471,Kutno,,1939,6700,1.23,קוטנו,נפת קוטנו
560,Szczerców,,1793,16,1.23,שצ'רצוב,נפת לאסק
567,Kraków,Napt Krakow,1765,3458,1.23,קראקוב,נפת קראקוב
618,Bukowsko,Sanok,1808,158,1.23,בּוּקוֹבְסְקוֹ,נפת סאנוק
635,Brzesko,Bzesko,1765,181,1.23,בְּנֵסְקוֹ,נפת בז'סקו
670,Głogów,Żeszów,1765,595,1.23,גְלוֹגוּב,ז'שוב
746,Zator,,1765,98,1.23,זאטור,נפת ואדוביצה
904,Mielec,,1765,585,1.23,מיילץ,נפת מיילץ
905,Mielec,,1848,1980,1.23,מיילץ,נפת מיילץ
961,Oleszyce,Lubaczów,1931,1200,1.23,אוֹלֶשִׁיצֶה,נפת לובאצ'וב
1004,Bolechów,,1765,1300,1.23,בולחוב,נפת דולינה
1011,Bolechów,,1931,2986,1.23,בולחוב,נפת דולינה
1066,Brzeżany,Nפת Brzeżany,1563,5,1.23,בז'ז'אני,נפת בז'ז'אני
1068,Brzeżany,Nפת Brzeżany,1764,1297,1.23,בז'ז'אני,נפת בז'ז'אני
1076,Brzeżany,Nפת Brzeżany,1931,3670,1.23,בז'ז'אני,נפת בז'ז'אני
1110,Gwoździec,,1765,541,1.23,גבוז'דז'יץ,נפת קולומיאה
1145,Dobromil,Dobrdomil,1765,1253,1.23,דוברומיל,נפת דובדומיל
1190,Horodenka,,1765,923,1.23,הורודנקה,נפת הורודנקה
1197,Horodenka,,1931,3256,1.23,הורודנקה,נפת הורודנקה
1233,Założce,Zborów,1931,704,1.23,זאלוז'צה,נפת זבורוב
1297,Chorostków,Kopychyntsi,1765,46,1.23,חורוסטקוב,נפת קופיצ'ינצה
1301,Chorostków,Kopychyntsi,1931,1825,1.23,חורוסטקוב,נפת קופיצ'ינצה
1311,Tarnopol,Tarnopol,1765,1246,1.23,טארנופול,נפת טארנופול
1312,Tarnopol,Tarnopol,1869,11000,1.23,טארנופול,נפת טארנופול
1322,Touste,Skalat,1765,338,1.23,טוֹאוּסטה,סקאלאט
1359,Jaworów,Jaworów,1765,639,1.23,יאבורוב,נפת יאבורוב
1366,Jaworów,Jaworów,1931,2950,1.23,יאבורוב,נפת יאבורוב
1384,Janów,Grodzisk Jagielloński,1765,177,1.23,יאנוב,גרודק יאגיילונסקי
1390,Janów,Trembowla,1765,390,1.23,יאנוב,טרמבובלה
1493,Nadwórna,Nafta Nadwórna,1765,1002,1.23,נאדבורנה,נפת נאדבורנה
1499,Nadwórna,Nafta Nadwórna,1931,3437,1.23,נאדבורנה,נפת נאדבורנה
1517,Niżniów,Tłumacz,1765,160,1.23,ניז'ניוב,נפת טלומאץ'
1571,Stanisławów,Stanisławów,1765,925,1.23,סטאניסלאבוב,נפת סטאניסלאבוב
1573,Stanisławów,Stanisławów,1811,3392,1.23,סטאניסלאבוב,נפת סטאניסלאבוב
1586,Stara Sól,Sambor,1765,229,1.23,סטארה סול,נפת סאמבור
1602,Strusów,,1765,119,1.23,סטרוסוב,נפת טרמבובלה
324,Sompolno,,1939,1200,,סומפולנו,נפת קולו
4,Odrzywoł,Opućno,1939,321,,אודז'יבול,נפת אופוצ'נו
35,Izbica Kujawska,Kalisz,1764,215,,איזביצה קויאווסקה,נפת קאליש
42,Izbica Kujawska,Kalisz,1939,1600,,איזביצה קויאווסקה,נפת קאליש
66,Burzenin,Sieradz,1939,180,,בוז'נין,נפת שייראדז
99,Bełchatów,Piotrków Trybunalski,1764,7,,בלחאטוב,נפת פיוטרקוב טריבונאלסקי
105,Bełchatów,Piotrków Trybunalski,1940,5500,,בלחאטוב,נפת פיוטרקוב טריבונאלסקי
133,Grabów,powiat Łęczyca,1764,8,,גראבוב,נפת לנצ'יצה
139,Grabów,powiat Łęczyca,1939,800,,גראבוב,נפת לנצ'יצה
144,Dobra,Turk,1765,355,,דוברה,נפת טורק
150,Dobra,Turk,1939,1000,,דוברה,נפת טורק
163,Warta,,1764,362,,וארטה,נפת שייראדז
171,Warta,,1939,1750,,וארטה,נפת שייראדז
187,Wieruszów,,1764,82,,ויירושוב,נפת ויילון
188,Wieruszów,,1793,132,,ויירושוב,נפת ויילון
195,Wieruszów,,1939,2400,,ויירושוב,נפת ויילון
201,Żarnów,,1939,1500,,ז'ארנוב,נפת אופוצינו
210,Żychlin,Powiat Kutno,1764,311,,ז'יחלין,נפת קוטנו
216,Żychlin,Powiat Kutno,1939,2800,,ז'יחלין,נפת קוטנו
232,Tomaszów Mazowiecki,Powiat Tomaszów Mazowiecki,1939,13000,,טומאשוב מאזובייצקי,נפת טומאשוב מאזובייצקי
238,Tuliszków,Konin,1939,230,,טולישקוב,נפת קונין
245,Tuszyn,Lodz,1764,90,,טושין,נפת לודז'
251,Tuszyn,Lodz,1939,1500,,טושין,נפת לודז'
258,Lask,Lask,1764,891,,לאסק,נפת לאסק
265,Lask,Lask,1939,3864,,לאסק,נפת לאסק
290,Łęczyca,Powiat Łęczyca,1611,30,,לנצ'יצה,נפת לנצ'יצה
291,Łęczyca,Powiat Łęczyca,1764,457,,לנצ'יצה,נפת לנצ'יצה
298,Łęczyca,Powiat Łęczyca,1939,4200,,לנצ'יצה,נפת לנצ'יצה
318,Sulejów,Silew,1939,600,,סולייוב,סילעוו
331,Stawiszyn,Kalish,1939,800,,סטאווישין,נפת קאליש
373,Pabianice,Lask,1939,8500,,פאביאניצה,לאסק
374,Parzęczew,powiat Łęczyca,1764,267,,פאזינציב,נפת לנצ'יצה
375,Parzęczew,powiat Łęczyca,1793,198,,פאזינציב,נפת לנצ'יצה
380,Parzęczew,powiat Łęczyca,1939,30,,פאזינציב,נפת לנצ'יצה
472,Kolo,,1764,256,,קולו,נפת קולו
479,Kolo,,1939,4987,,קולו,נפת קולו
480,Konin,,1764,168,,קונין,נפת קונין
487,Konstantynów,,1827,516,,קונסטאנטינוב,קאנסטאנטין
491,Konstantynów,,1939,1300,,קונסטאנטינוב,קאנסטאנטין
492,Końskie,,1796,2534,,קינצק,נפת קונסקיה
496,Końskie,,1939,6500,,קינצק,נפת קונסקיה
497,Kłodawa,Kolo,1764,19,,קלודאווה,נפת קולו
503,Kłodawa,Kolo,1939,1350,,קלודאווה,נפת קולו
524,Radomsko,,1939,6500,,ראדומסקו,נובו ראדומסקו
530,Radoszyce,Koneckie,1927,300,,ראדושיצה,נפת קונסקיה
531,Radoszyce,Koneckie,1938,400,,ראדושיצה,נפת קונסקיה
547,Sieradz,,1764,17,,שייראדז,נפת שייראדז
559,Slesin,Konin,1939,280,,שלשין,נפת קונין
597,Baligród,Lesko,1765,144,,בּאַלִיגְרוּד,נפת לסקו
598,Baligród,Lesko,1808,185,,בּאַלִיגְרוּד,נפת לסקו
602,Baranow,Tarnobrzeg,1765,300,,באראנוב,נפת טארנובז'ג
603,Baranow,Tarnobrzeg,1848,1021,,באראנוב,נפת טארנובז'ג
609,Bobowa,Grylice District,1765,206,,בובובה,נפת גורליצה
612,Bobowa,Grylice District,1939,658,,בובובה,נפת גורליצה
648,Bielsko,Powiat Bielsko,1880,0,,ביילסקו,נפת ביילסקו
664,Gorlice,Gorlice,1765,164,,גורליצה,גורליצה
676,Grybów,Nowy Sącz,1765,157,,גריבוב,נפת נובי סונץ'
690,Dąbrowa Tarnowska,,1765,646,,דוֹמְבְּרוֹבָה טַארְנוֹבְסְקָה,דומברובה
698,Dąbrowa Tarnowska,,1939,2400,,דוֹמְבְּרוֹבָה טַארְנוֹבְסְקָה,דומברובה
710,Dynów,,1578,50,,דינוב,נפת בז'וזוב
711,Dynów,,1808,418,,דינוב,נפת בז'וזוב
773,Rzeszów,,1757,1429,,ז'שוב,ריישא
774,Rzeszów,,1800,3375,,ז'שוב,ריישא
799,Tarnobrzeg-Dzików,Tarnobrzeg,1765,410,,טַארְנוֹבְּזֶ'ג־דְזִיקוּב,נפת טארנובז'ג
811,Tuchów,Tarnów,1765,18,,טוחוב,נפת טארנוב
825,Trzebinia,,1765,54,,טשעביניָה,נפת חשאנוב
844,Jarosław,Jarosław,1872,4500,,יָארוֹסְלַאב,יארוסלאב
932,Obertyn,Horodenka,1765,280,,אוֹברטין,נפת הורודנקה
936,Uhnow,Rawaruska,1720,0,,אוהנוב,נפת ראווה רוסקה
942,Uhnow,Rawaruska,1931,2020,,אוהנוב,נפת ראווה רוסקה
1012,Bołszowce,Rohatyn,1765,178,,בולשובצה,רוהאטין
1018,Bołszowce,Rohatyn,1931,1200,,בולשובצה,רוהאטין
1046,Borysław,Drohobych district,1939,13000,,בוריסלאב,נפת דרוהוביץ'
1047,Borysław,Drohobych district,1941,14000,,בוריסלאב,נפת דרוהוביץ'
1085,Bircza,Powiat Drohobych,1577,6,,בירצ'ה,נפת דוברומיל
1089,Belz,Sokal,1550,200,,בלז,נפת סוקאל
1090,Belz,Sokal,1765,716,,בלז,נפת סוקאל
1098,Brody,,1648,400,,ברודי,נפת ברודי
1099,Brody,,1765,7627,,ברודי,נפת ברודי
1109,Brody,,1931,8288,,ברודי,נפת ברודי
1118,Grzymałów,Skalat,1765,693,,גז'ימאלוב,נפת סקאלאט
1125,Grzymałów,Skalat,1931,1550,,גז'ימאלוב,נפת סקאלאט
1159,Dolina,,1931,2488,,דולינה,נפת דולינה
1164,Delatyn,Nadvirna,1765,87,,דלאטין,נפת נאדבורנה
1219,Zablotów,Snyatyn,1765,986,,זאבלוטוב,נפת שניאטין
1225,Zablotów,Snyatyn,1931,1700,,זאבלוטוב,נפת שניאטין
1248,Zborów,,1765,655,,זבורוב,נפת זבורוב
1254,Zborów,,1931,1900,,זבורוב,נפת זבורוב
1255,Żółkiew,Zolkiew district,1765,2115,,ז'ולקייב,נפת ז'ולקייב
1257,Żółkiew,Zolkiew district,1812,1799,,ז'ולקייב,נפת ז'ולקייב
1263,Żółkiew,Zolkiew district,1931,4400,,ז'ולקייב,נפת ז'ולקייב
1277,Złoczów,Złoczów,1765,1380,,זלוצ'וב,נפת זלוצ'וב
1278,Złoczów,Złoczów,1810,1480,,זלוצ'וב,נפת זלוצ'וב
1284,Złoczów,Złoczów,1931,5700,,זלוצ'וב,נפת זלוצ'וב
1419,Lubaczów,Lubaczów,1931,2040,,לובאצ'וב,נפת לובאצ'וב
1462,Monasterzyska,,1931,1488,,מונאסטז'יסקה,נפת בוצ'אץ'
1479,Mielnica,Borshchiv,1931,1568,,מיילניצה,נפת בורשצ'וב
1534,Sasów,Złoczów District,1775,223,,סאסוב,מחוז זלוצ'וב
1540,Sasów,Złoczów District,1931,1201,,סאסוב,מחוז זלוצ'וב
1597,Stary Sambor,,1931,1562,,סטארי סאמבור,נפת סאמבור
1625,Skała,Borshchiv Raion,1765,362,,סקאלה,נפת בורשצ'וב
1630,Skała,Borshchiv Raion,1931,1460,,סקאלה,נפת בורשצ'וב
1650,Wolbórz,Piotrków Trybunalski,1939,250,,וולבוז',נפת פיוטרקוב טריבונאלסקי
9,Odrzywół,Opoczno,1939,321,,אודז'יבול,אופוצ'נו
23,Opoczno,Opoczno,1764,1349,,אופוצ'נו,נפת אופוצ'נו
30,Opoczno,Opoczno,1939,2954,,אופוצ'נו,נפת אופוצ'נו
86,Biała Rawska,,1764,31,,ביאלה ראווסקה,נפת ראווה מאזובייצקה
91,Biała Rawska,,1939,1250,,ביאלה ראווסקה,נפת ראווה מאזובייצקה
126,Gielniów,,1939,190,,גיילניוב,נפת אופוצ'נו
132,Głowno,powiat Brzeziny,1939,2100,,גלובנו,נפת בז'ז'יני
428,Przedbórz,Koneckie,1765,665,,פשדבוז',נפת קונסקיה
433,Przedbórz,Koneckie,1939,4500,,פשדבוז',נפת קונסקיה
504,Kleczew,Kalisz,1764,262,,קְלֶצֶב,נפת קאליש
510,Kleczew,Kalisz,1939,1000,,קְלֶצֶב,נפת קאליש
511,Krośniewice,Kotno,1576,6,,קרוֹשנייוויצה,נפת קוטנו
512,Krośniewice,Kotno,1764,79,,קרוֹשנייוויצה,נפת קוטנו
518,Krośniewice,Kotno,1939,1300,,קרוֹשנייוויצה,נפת קוטנו
578,Ulanów,Nisko,1765,461,,אולאנוב,ניסקו
622,Brzozów,Brzozów,1808,144,,בְּז'וזוב,בז'וזוב
1198,Husiatyn,Nafat Kopychyntsi,1765,1208,,הושיאטין,נפת קופיצ'ינצה
1204,Husiatyn,Nafat Kopychyntsi,1931,388,,הושיאטין,נפת קופיצ'ינצה
1234,Zaleszczyki,Zaleszczyki,1765,859,,"זאלשצ	'יקי","זאלשצ	'יקי"
1378,Jazłowiec,Buчач,1765,544,,יאזלוביץ,נפת בוצ'אץ'
1383,Jazłowiec,Buчач,1931,560,,יאזלוביץ,נפת בוצ'אץ'
1431,Lopatyn,Radekhiv,1931,502,,לופאטין,ראדז'ייחוב
1606,Stratyn,Rohatyn,1765,83,,סטראטין,נפת רוהאטין
1636,Uniejów,Nef Turck,1939,130,,אונייוב,נפת טורק
1637,Brzeziny,,1764,163,,בז'ז'יני,נפת בז'ז'יני
1644,Brzeziny,,1939,6850,,בז'ז'יני,נפת בז'ז'יני
1662,Koniecpol,Radomsko,1939,1100,,קונייצפּוֹל,נפת ראדומסקו
